frame.number,frame.time_epoch,frame.len,_ws.col.protocol,ipv6.src,ipv6.dst,wpan.fcf,wpan.seq_no,wpan.dst_pan,wpan.src64,wpan.dst64,6lowpan.src,6lowpan.dst,6lowpan.iphc.tf,6lowpan.iphc.nh,6lowpan.iphc.hlim,6lowpan.iphc.sam,6lowpan.iphc.dam
"1","1774872142.900845000","55","RF4CE GDP",,,"0xc841","17","0xbeef","da:b2:4c:9b:f6:24:ed:2e",,,,,,,,
"2","1774872143.044406000","56","ICMPv6","::","ff02::1:ff24:ed2e","0xc841","18","0xbeef","da:b2:4c:9b:f6:24:ed:2e",,"::","ff02::1:ff24:ed2e","0x0003","False","0x0003","0x0000","0x0001"
"3","1774872143.839739000","55","ICMPv6","::","ff02::16","0xc841","19","0xbeef","da:b2:4c:9b:f6:24:ed:2e",,"::","ff02::16","0x0003","False","0x0001","0x0000","0x0003"
"4","1774872144.080806000","55","ICMPv6","fe80::d8b2:4c9b:f624:ed2e","ff02::16","0xc841","20","0xbeef","da:b2:4c:9b:f6:24:ed:2e",,"fe80::d8b2:4c9b:f624:ed2e","ff02::16","0x0003","False","0x0001","0x0003","0x0003"
"5","1774872144.084232000","43","ICMPv6","fe80::d8b2:4c9b:f624:ed2e","ff02::2","0xc841","21","0xbeef","da:b2:4c:9b:f6:24:ed:2e",,"fe80::d8b2:4c9b:f624:ed2e","ff02::2","0x0003","False","0x0003","0x0003","0x0003"
"6","1774872144.108810000","55","ICMPv6","fe80::d8b2:4c9b:f624:ed2e","ff02::16","0xc841","22","0xbeef","da:b2:4c:9b:f6:24:ed:2e",,"fe80::d8b2:4c9b:f624:ed2e","ff02::16","0x0003","False","0x0001","0x0003","0x0003"
"7","1774872144.386100000","120","6LoWPAN",,,"0xc841","23","0xbeef","da:b2:4c:9b:f6:24:ed:2e",,"fe80::d8b2:4c9b:f624:ed2e","ff02::fb","0x0001","True","0x0003","0x0003","0x0003"
"8","1774872144.391044000","124","6LoWPAN",,,"0xc841","24","0xbeef","da:b2:4c:9b:f6:24:ed:2e",,,,,,,,
"9","1774872144.396547000","66","MDNS","fe80::d8b2:4c9b:f624:ed2e","ff02::fb","0xc841","25","0xbeef","da:b2:4c:9b:f6:24:ed:2e",,,,,,,,
"10","1774872144.449417000","55","ICMPv6","fe80::d8b2:4c9b:f624:ed2e","ff02::16","0xc841","26","0xbeef","da:b2:4c:9b:f6:24:ed:2e",,"fe80::d8b2:4c9b:f624:ed2e","ff02::16","0x0003","False","0x0001","0x0003","0x0003"
"11","1774872144.453284000","120","6LoWPAN",,,"0xc841","27","0xbeef","da:b2:4c:9b:f6:24:ed:2e",,"fe80::d8b2:4c9b:f624:ed2e","ff02::fb","0x0001","True","0x0003","0x0003","0x0003"
"12","1774872144.459045000","50","MDNS","fe80::d8b2:4c9b:f624:ed2e","ff02::fb","0xc841","28","0xbeef","da:b2:4c:9b:f6:24:ed:2e",,,,,,,,
"13","1774872144.636289000","120","6LoWPAN",,,"0xc841","29","0xbeef","da:b2:4c:9b:f6:24:ed:2e",,"fe80::d8b2:4c9b:f624:ed2e","ff02::fb","0x0001","True","0x0003","0x0003","0x0003"
"14","1774872144.642173000","124","6LoWPAN",,,"0xc841","30","0xbeef","da:b2:4c:9b:f6:24:ed:2e",,,,,,,,
"15","1774872144.647051000","66","MDNS","fe80::d8b2:4c9b:f624:ed2e","ff02::fb","0xc841","31","0xbeef","da:b2:4c:9b:f6:24:ed:2e",,,,,,,,
"16","1774872144.884938000","120","6LoWPAN",,,"0xc841","32","0xbeef","da:b2:4c:9b:f6:24:ed:2e",,"fe80::d8b2:4c9b:f624:ed2e","ff02::fb","0x0001","True","0x0003","0x0003","0x0003"
"17","1774872144.891463000","124","6LoWPAN",,,"0xc841","33","0xbeef","da:b2:4c:9b:f6:24:ed:2e",,,,,,,,
"18","1774872144.898279000","66","MDNS","fe80::d8b2:4c9b:f624:ed2e","ff02::fb","0xc841","34","0xbeef","da:b2:4c:9b:f6:24:ed:2e",,,,,,,,
"19","1774872144.959258000","75","ICMPv6","fe80::d8b2:4c9b:f624:ed2e","ff02::16","0xc841","35","0xbeef","da:b2:4c:9b:f6:24:ed:2e",,"fe80::d8b2:4c9b:f624:ed2e","ff02::16","0x0003","False","0x0001","0x0003","0x0003"
"20","1774872145.087413000","120","6LoWPAN",,,"0xc841","36","0xbeef","da:b2:4c:9b:f6:24:ed:2e",,"fe80::d8b2:4c9b:f624:ed2e","ff02::fb","0x0001","True","0x0003","0x0003","0x0003"
"21","1774872145.093011000","124","6LoWPAN",,,"0xc841","37","0xbeef","da:b2:4c:9b:f6:24:ed:2e",,,,,,,,
"22","1774872145.097981000","48","MDNS","fe80::d8b2:4c9b:f624:ed2e","ff02::fb","0xc841","38","0xbeef","da:b2:4c:9b:f6:24:ed:2e",,,,,,,,
"23","1774872145.706374000","120","6LoWPAN",,,"0xc841","39","0xbeef","da:b2:4c:9b:f6:24:ed:2e",,"fe80::d8b2:4c9b:f624:ed2e","ff02::fb","0x0001","True","0x0003","0x0003","0x0003"
"24","1774872145.713225000","117","MDNS","fe80::d8b2:4c9b:f624:ed2e","ff02::fb","0xc841","40","0xbeef","da:b2:4c:9b:f6:24:ed:2e",,,,,,,,
"25","1774872146.336969000","120","6LoWPAN",,,"0xc841","41","0xbeef","da:b2:4c:9b:f6:24:ed:2e",,"fe80::d8b2:4c9b:f624:ed2e","ff02::fb","0x0001","True","0x0003","0x0003","0x0003"
"26","1774872146.343826000","124","6LoWPAN",,,"0xc841","42","0xbeef","da:b2:4c:9b:f6:24:ed:2e",,,,,,,,
"27","1774872146.350965000","48","MDNS","fe80::d8b2:4c9b:f624:ed2e","ff02::fb","0xc841","43","0xbeef","da:b2:4c:9b:f6:24:ed:2e",,,,,,,,
"28","1774872147.839415000","43","ICMPv6","fe80::d8b2:4c9b:f624:ed2e","ff02::2","0xc841","44","0xbeef","da:b2:4c:9b:f6:24:ed:2e",,"fe80::d8b2:4c9b:f624:ed2e","ff02::2","0x0003","False","0x0003","0x0003","0x0003"
"29","1774872147.955386000","120","6LoWPAN",,,"0xc841","45","0xbeef","da:b2:4c:9b:f6:24:ed:2e",,"fe80::d8b2:4c9b:f624:ed2e","ff02::fb","0x0001","True","0x0003","0x0003","0x0003"
"30","1774872147.960474000","117","MDNS","fe80::d8b2:4c9b:f624:ed2e","ff02::fb","0xc841","46","0xbeef","da:b2:4c:9b:f6:24:ed:2e",,,,,,,,
"31","1774872148.589097000","120","6LoWPAN",,,"0xc841","47","0xbeef","da:b2:4c:9b:f6:24:ed:2e",,"fe80::d8b2:4c9b:f624:ed2e","ff02::fb","0x0001","True","0x0003","0x0003","0x0003"
"32","1774872148.594359000","124","6LoWPAN",,,"0xc841","48","0xbeef","da:b2:4c:9b:f6:24:ed:2e",,,,,,,,
"33","1774872148.599586000","48","MDNS","fe80::d8b2:4c9b:f624:ed2e","ff02::fb","0xc841","49","0xbeef","da:b2:4c:9b:f6:24:ed:2e",,,,,,,,
"34","1774872155.358887000","43","ICMPv6","fe80::d8b2:4c9b:f624:ed2e","ff02::2","0xc841","50","0xbeef","da:b2:4c:9b:f6:24:ed:2e",,"fe80::d8b2:4c9b:f624:ed2e","ff02::2","0x0003","False","0x0003","0x0003","0x0003"
"35","1774872163.571697000","95","ICMPv6","fe80::d8b2:4c9b:f624:ed2e","ff02::16","0xc841","51","0xbeef","da:b2:4c:9b:f6:24:ed:2e",,"fe80::d8b2:4c9b:f624:ed2e","ff02::16","0x0003","False","0x0001","0x0003","0x0003"
"36","1774872163.728586000","56","ICMPv6","::","ff02::1:ff00:1","0xc841","52","0xbeef","da:b2:4c:9b:f6:24:ed:2e",,"::","ff02::1:ff00:1","0x0003","False","0x0003","0x0000","0x0001"
"37","1774872163.899933000","95","ICMPv6","fe80::d8b2:4c9b:f624:ed2e","ff02::16","0xc841","53","0xbeef","da:b2:4c:9b:f6:24:ed:2e",,"fe80::d8b2:4c9b:f624:ed2e","ff02::16","0x0003","False","0x0001","0x0003","0x0003"
"38","1774872165.385038000","120","6LoWPAN",,,"0xc841","54","0xbeef","da:b2:4c:9b:f6:24:ed:2e",,"fd00:4::1","ff02::fb","0x0001","True","0x0003","0x0000","0x0003"
"39","1774872165.393117000","85","MDNS","fd00:4::1","ff02::fb","0xc841","55","0xbeef","da:b2:4c:9b:f6:24:ed:2e",,,,,,,,
"40","1774872167.427262000","120","6LoWPAN",,,"0xc841","56","0xbeef","da:b2:4c:9b:f6:24:ed:2e",,"fd00:4::1","ff02::fb","0x0001","True","0x0003","0x0000","0x0003"
"41","1774872167.433065000","85","MDNS","fd00:4::1","ff02::fb","0xc841","57","0xbeef","da:b2:4c:9b:f6:24:ed:2e",,,,,,,,
"42","1774872170.078566000","43","ICMPv6","fe80::d8b2:4c9b:f624:ed2e","ff02::2","0xc841","58","0xbeef","da:b2:4c:9b:f6:24:ed:2e",,"fe80::d8b2:4c9b:f624:ed2e","ff02::2","0x0003","False","0x0003","0x0003","0x0003"
"43","1774872197.599149000","43","ICMPv6","fe80::d8b2:4c9b:f624:ed2e","ff02::2","0xc841","59","0xbeef","da:b2:4c:9b:f6:24:ed:2e",,"fe80::d8b2:4c9b:f624:ed2e","ff02::2","0x0003","False","0x0003","0x0003","0x0003"
"44","1774872255.202395000","43","ICMPv6","fe80::d8b2:4c9b:f624:ed2e","ff02::2","0xc841","60","0xbeef","da:b2:4c:9b:f6:24:ed:2e",,"fe80::d8b2:4c9b:f624:ed2e","ff02::2","0x0003","False","0x0003","0x0003","0x0003"
"45","1774872344.620886000","86","ICMPv6, HiPerConTracer","fe80::d8b2:4c9b:f624:ed2e","ff02::1","0xc841","61","0xbeef","da:b2:4c:9b:f6:24:ed:2e",,"fe80::d8b2:4c9b:f624:ed2e","ff02::1","0x0001","False","0x0001","0x0003","0x0003"
"46","1774872345.621625000","86","ICMPv6, HiPerConTracer","fe80::d8b2:4c9b:f624:ed2e","ff02::1","0xc841","62","0xbeef","da:b2:4c:9b:f6:24:ed:2e",,"fe80::d8b2:4c9b:f624:ed2e","ff02::1","0x0001","False","0x0001","0x0003","0x0003"
"47","1774872346.622482000","86","ICMPv6, HiPerConTracer","fe80::d8b2:4c9b:f624:ed2e","ff02::1","0xc841","63","0xbeef","da:b2:4c:9b:f6:24:ed:2e",,"fe80::d8b2:4c9b:f624:ed2e","ff02::1","0x0001","False","0x0001","0x0003","0x0003"
"48","1774872347.623366000","86","ICMPv6, HiPerConTracer","fe80::d8b2:4c9b:f624:ed2e","ff02::1","0xc841","64","0xbeef","da:b2:4c:9b:f6:24:ed:2e",,"fe80::d8b2:4c9b:f624:ed2e","ff02::1","0x0001","False","0x0001","0x0003","0x0003"
"49","1774872348.626467000","86","ICMPv6, HiPerConTracer","fe80::d8b2:4c9b:f624:ed2e","ff02::1","0xc841","65","0xbeef","da:b2:4c:9b:f6:24:ed:2e",,"fe80::d8b2:4c9b:f624:ed2e","ff02::1","0x0001","False","0x0001","0x0003","0x0003"
"50","1774872349.627600000","86","ICMPv6, HiPerConTracer","fe80::d8b2:4c9b:f624:ed2e","ff02::1","0xc841","66","0xbeef","da:b2:4c:9b:f6:24:ed:2e",,"fe80::d8b2:4c9b:f624:ed2e","ff02::1","0x0001","False","0x0001","0x0003","0x0003"
"51","1774872350.627797000","86","ICMPv6, HiPerConTracer","fe80::d8b2:4c9b:f624:ed2e","ff02::1","0xc841","67","0xbeef","da:b2:4c:9b:f6:24:ed:2e",,"fe80::d8b2:4c9b:f624:ed2e","ff02::1","0x0001","False","0x0001","0x0003","0x0003"
"52","1774872351.629828000","86","ICMPv6, HiPerConTracer","fe80::d8b2:4c9b:f624:ed2e","ff02::1","0xc841","68","0xbeef","da:b2:4c:9b:f6:24:ed:2e",,"fe80::d8b2:4c9b:f624:ed2e","ff02::1","0x0001","False","0x0001","0x0003","0x0003"
"53","1774872352.630788000","86","ICMPv6, HiPerConTracer","fe80::d8b2:4c9b:f624:ed2e","ff02::1","0xc841","69","0xbeef","da:b2:4c:9b:f6:24:ed:2e",,"fe80::d8b2:4c9b:f624:ed2e","ff02::1","0x0001","False","0x0001","0x0003","0x0003"
"54","1774872353.633228000","86","ICMPv6, HiPerConTracer","fe80::d8b2:4c9b:f624:ed2e","ff02::1","0xc841","70","0xbeef","da:b2:4c:9b:f6:24:ed:2e",,"fe80::d8b2:4c9b:f624:ed2e","ff02::1","0x0001","False","0x0001","0x0003","0x0003"
"55","1774872354.632779000","86","ICMPv6, HiPerConTracer","fe80::d8b2:4c9b:f624:ed2e","ff02::1","0xc841","71","0xbeef","da:b2:4c:9b:f6:24:ed:2e",,"fe80::d8b2:4c9b:f624:ed2e","ff02::1","0x0001","False","0x0001","0x0003","0x0003"
"56","1774872355.633401000","86","ICMPv6, HiPerConTracer","fe80::d8b2:4c9b:f624:ed2e","ff02::1","0xc841","72","0xbeef","da:b2:4c:9b:f6:24:ed:2e",,"fe80::d8b2:4c9b:f624:ed2e","ff02::1","0x0001","False","0x0001","0x0003","0x0003"
"57","1774872356.635004000","86","ICMPv6, HiPerConTracer","fe80::d8b2:4c9b:f624:ed2e","ff02::1","0xc841","73","0xbeef","da:b2:4c:9b:f6:24:ed:2e",,"fe80::d8b2:4c9b:f624:ed2e","ff02::1","0x0001","False","0x0001","0x0003","0x0003"
"58","1774872357.638952000","86","ICMPv6, HiPerConTracer","fe80::d8b2:4c9b:f624:ed2e","ff02::1","0xc841","74","0xbeef","da:b2:4c:9b:f6:24:ed:2e",,"fe80::d8b2:4c9b:f624:ed2e","ff02::1","0x0001","False","0x0001","0x0003","0x0003"
"59","1774872367.606990000","86","ICMPv6, HiPerConTracer","fe80::d8b2:4c9b:f624:ed2e","ff02::1","0xc841","75","0xbeef","da:b2:4c:9b:f6:24:ed:2e",,"fe80::d8b2:4c9b:f624:ed2e","ff02::1","0x0001","False","0x0001","0x0003","0x0003"
"60","1774872367.845178000","43","ICMPv6","fe80::d8b2:4c9b:f624:ed2e","ff02::2","0xc841","76","0xbeef","da:b2:4c:9b:f6:24:ed:2e",,"fe80::d8b2:4c9b:f624:ed2e","ff02::2","0x0003","False","0x0003","0x0003","0x0003"
"61","1774872368.607321000","86","ICMPv6, HiPerConTracer","fe80::d8b2:4c9b:f624:ed2e","ff02::1","0xc841","77","0xbeef","da:b2:4c:9b:f6:24:ed:2e",,"fe80::d8b2:4c9b:f624:ed2e","ff02::1","0x0001","False","0x0001","0x0003","0x0003"
"62","1774872369.608957000","86","ICMPv6, HiPerConTracer","fe80::d8b2:4c9b:f624:ed2e","ff02::1","0xc841","78","0xbeef","da:b2:4c:9b:f6:24:ed:2e",,"fe80::d8b2:4c9b:f624:ed2e","ff02::1","0x0001","False","0x0001","0x0003","0x0003"
"63","1774872370.610604000","86","ICMPv6, HiPerConTracer","fe80::d8b2:4c9b:f624:ed2e","ff02::1","0xc841","79","0xbeef","da:b2:4c:9b:f6:24:ed:2e",,"fe80::d8b2:4c9b:f624:ed2e","ff02::1","0x0001","False","0x0001","0x0003","0x0003"
"64","1774872371.612480000","86","ICMPv6, HiPerConTracer","fe80::d8b2:4c9b:f624:ed2e","ff02::1","0xc841","80","0xbeef","da:b2:4c:9b:f6:24:ed:2e",,"fe80::d8b2:4c9b:f624:ed2e","ff02::1","0x0001","False","0x0001","0x0003","0x0003"
"65","1774872372.612768000","86","ICMPv6, HiPerConTracer","fe80::d8b2:4c9b:f624:ed2e","ff02::1","0xc841","81","0xbeef","da:b2:4c:9b:f6:24:ed:2e",,"fe80::d8b2:4c9b:f624:ed2e","ff02::1","0x0001","False","0x0001","0x0003","0x0003"
"66","1774872373.614563000","86","ICMPv6, HiPerConTracer","fe80::d8b2:4c9b:f624:ed2e","ff02::1","0xc841","82","0xbeef","da:b2:4c:9b:f6:24:ed:2e",,"fe80::d8b2:4c9b:f624:ed2e","ff02::1","0x0001","False","0x0001","0x0003","0x0003"
"67","1774872374.616369000","86","ICMPv6, HiPerConTracer","fe80::d8b2:4c9b:f624:ed2e","ff02::1","0xc841","83","0xbeef","da:b2:4c:9b:f6:24:ed:2e",,"fe80::d8b2:4c9b:f624:ed2e","ff02::1","0x0001","False","0x0001","0x0003","0x0003"
"68","1774872375.617380000","86","ICMPv6, HiPerConTracer","fe80::d8b2:4c9b:f624:ed2e","ff02::1","0xc841","84","0xbeef","da:b2:4c:9b:f6:24:ed:2e",,"fe80::d8b2:4c9b:f624:ed2e","ff02::1","0x0001","False","0x0001","0x0003","0x0003"
"69","1774872376.619347000","86","ICMPv6, HiPerConTracer","fe80::d8b2:4c9b:f624:ed2e","ff02::1","0xc841","85","0xbeef","da:b2:4c:9b:f6:24:ed:2e",,"fe80::d8b2:4c9b:f624:ed2e","ff02::1","0x0001","False","0x0001","0x0003","0x0003"
"70","1774872377.619268000","86","ICMPv6, HiPerConTracer","fe80::d8b2:4c9b:f624:ed2e","ff02::1","0xc841","86","0xbeef","da:b2:4c:9b:f6:24:ed:2e",,"fe80::d8b2:4c9b:f624:ed2e","ff02::1","0x0001","False","0x0001","0x0003","0x0003"
"71","1774872378.620798000","86","ICMPv6, HiPerConTracer","fe80::d8b2:4c9b:f624:ed2e","ff02::1","0xc841","87","0xbeef","da:b2:4c:9b:f6:24:ed:2e",,"fe80::d8b2:4c9b:f624:ed2e","ff02::1","0x0001","False","0x0001","0x0003","0x0003"
"72","1774872379.623870000","86","ICMPv6, HiPerConTracer","fe80::d8b2:4c9b:f624:ed2e","ff02::1","0xc841","88","0xbeef","da:b2:4c:9b:f6:24:ed:2e",,"fe80::d8b2:4c9b:f624:ed2e","ff02::1","0x0001","False","0x0001","0x0003","0x0003"
"73","1774872380.625147000","86","ICMPv6, HiPerConTracer","fe80::d8b2:4c9b:f624:ed2e","ff02::1","0xc841","89","0xbeef","da:b2:4c:9b:f6:24:ed:2e",,"fe80::d8b2:4c9b:f624:ed2e","ff02::1","0x0001","False","0x0001","0x0003","0x0003"
"74","1774872381.625706000","86","ICMPv6, HiPerConTracer","fe80::d8b2:4c9b:f624:ed2e","ff02::1","0xc841","90","0xbeef","da:b2:4c:9b:f6:24:ed:2e",,"fe80::d8b2:4c9b:f624:ed2e","ff02::1","0x0001","False","0x0001","0x0003","0x0003"
"75","1774872382.626236000","86","ICMPv6, HiPerConTracer","fe80::d8b2:4c9b:f624:ed2e","ff02::1","0xc841","91","0xbeef","da:b2:4c:9b:f6:24:ed:2e",,"fe80::d8b2:4c9b:f624:ed2e","ff02::1","0x0001","False","0x0001","0x0003","0x0003"
"76","1774872383.625659000","86","ICMPv6, HiPerConTracer","fe80::d8b2:4c9b:f624:ed2e","ff02::1","0xc841","92","0xbeef","da:b2:4c:9b:f6:24:ed:2e",,"fe80::d8b2:4c9b:f624:ed2e","ff02::1","0x0001","False","0x0001","0x0003","0x0003"
"77","1774872384.628308000","86","ICMPv6, HiPerConTracer","fe80::d8b2:4c9b:f624:ed2e","ff02::1","0xc841","93","0xbeef","da:b2:4c:9b:f6:24:ed:2e",,"fe80::d8b2:4c9b:f624:ed2e","ff02::1","0x0001","False","0x0001","0x0003","0x0003"
"78","1774872385.628259000","86","ICMPv6, HiPerConTracer","fe80::d8b2:4c9b:f624:ed2e","ff02::1","0xc841","94","0xbeef","da:b2:4c:9b:f6:24:ed:2e",,"fe80::d8b2:4c9b:f624:ed2e","ff02::1","0x0001","False","0x0001","0x0003","0x0003"
"79","1774872386.628053000","86","ICMPv6, HiPerConTracer","fe80::d8b2:4c9b:f624:ed2e","ff02::1","0xc841","95","0xbeef","da:b2:4c:9b:f6:24:ed:2e",,"fe80::d8b2:4c9b:f624:ed2e","ff02::1","0x0001","False","0x0001","0x0003","0x0003"
"80","1774872387.631350000","86","ICMPv6, HiPerConTracer","fe80::d8b2:4c9b:f624:ed2e","ff02::1","0xc841","96","0xbeef","da:b2:4c:9b:f6:24:ed:2e",,"fe80::d8b2:4c9b:f624:ed2e","ff02::1","0x0001","False","0x0001","0x0003","0x0003"
"81","1774872388.630847000","86","ICMPv6, HiPerConTracer","fe80::d8b2:4c9b:f624:ed2e","ff02::1","0xc841","97","0xbeef","da:b2:4c:9b:f6:24:ed:2e",,"fe80::d8b2:4c9b:f624:ed2e","ff02::1","0x0001","False","0x0001","0x0003","0x0003"
"82","1774872389.633201000","86","ICMPv6, HiPerConTracer","fe80::d8b2:4c9b:f624:ed2e","ff02::1","0xc841","98","0xbeef","da:b2:4c:9b:f6:24:ed:2e",,"fe80::d8b2:4c9b:f624:ed2e","ff02::1","0x0001","False","0x0001","0x0003","0x0003"
"83","1774872390.634158000","86","ICMPv6, HiPerConTracer","fe80::d8b2:4c9b:f624:ed2e","ff02::1","0xc841","99","0xbeef","da:b2:4c:9b:f6:24:ed:2e",,"fe80::d8b2:4c9b:f624:ed2e","ff02::1","0x0001","False","0x0001","0x0003","0x0003"
"84","1774872391.633147000","86","ICMPv6, HiPerConTracer","fe80::d8b2:4c9b:f624:ed2e","ff02::1","0xc841","100","0xbeef","da:b2:4c:9b:f6:24:ed:2e",,"fe80::d8b2:4c9b:f624:ed2e","ff02::1","0x0001","False","0x0001","0x0003","0x0003"
"85","1774872392.634036000","86","ICMPv6, HiPerConTracer","fe80::d8b2:4c9b:f624:ed2e","ff02::1","0xc841","101","0xbeef","da:b2:4c:9b:f6:24:ed:2e",,"fe80::d8b2:4c9b:f624:ed2e","ff02::1","0x0001","False","0x0001","0x0003","0x0003"
"86","1774872393.635862000","86","ICMPv6, HiPerConTracer","fe80::d8b2:4c9b:f624:ed2e","ff02::1","0xc841","102","0xbeef","da:b2:4c:9b:f6:24:ed:2e",,"fe80::d8b2:4c9b:f624:ed2e","ff02::1","0x0001","False","0x0001","0x0003","0x0003"
"87","1774872394.635988000","86","ICMPv6, HiPerConTracer","fe80::d8b2:4c9b:f624:ed2e","ff02::1","0xc841","103","0xbeef","da:b2:4c:9b:f6:24:ed:2e",,"fe80::d8b2:4c9b:f624:ed2e","ff02::1","0x0001","False","0x0001","0x0003","0x0003"
"88","1774872395.638333000","86","ICMPv6, HiPerConTracer","fe80::d8b2:4c9b:f624:ed2e","ff02::1","0xc841","104","0xbeef","da:b2:4c:9b:f6:24:ed:2e",,"fe80::d8b2:4c9b:f624:ed2e","ff02::1","0x0001","False","0x0001","0x0003","0x0003"
"89","1774872396.640583000","86","ICMPv6, HiPerConTracer","fe80::d8b2:4c9b:f624:ed2e","ff02::1","0xc841","105","0xbeef","da:b2:4c:9b:f6:24:ed:2e",,"fe80::d8b2:4c9b:f624:ed2e","ff02::1","0x0001","False","0x0001","0x0003","0x0003"
"90","1774872397.639185000","86","ICMPv6, HiPerConTracer","fe80::d8b2:4c9b:f624:ed2e","ff02::1","0xc841","106","0xbeef","da:b2:4c:9b:f6:24:ed:2e",,"fe80::d8b2:4c9b:f624:ed2e","ff02::1","0x0001","False","0x0001","0x0003","0x0003"
"91","1774872398.642045000","86","ICMPv6, HiPerConTracer","fe80::d8b2:4c9b:f624:ed2e","ff02::1","0xc841","107","0xbeef","da:b2:4c:9b:f6:24:ed:2e",,"fe80::d8b2:4c9b:f624:ed2e","ff02::1","0x0001","False","0x0001","0x0003","0x0003"
"92","1774872399.642645000","86","ICMPv6, HiPerConTracer","fe80::d8b2:4c9b:f624:ed2e","ff02::1","0xc841","108","0xbeef","da:b2:4c:9b:f6:24:ed:2e",,"fe80::d8b2:4c9b:f624:ed2e","ff02::1","0x0001","False","0x0001","0x0003","0x0003"
"93","1774872400.644484000","86","ICMPv6, HiPerConTracer","fe80::d8b2:4c9b:f624:ed2e","ff02::1","0xc841","109","0xbeef","da:b2:4c:9b:f6:24:ed:2e",,"fe80::d8b2:4c9b:f624:ed2e","ff02::1","0x0001","False","0x0001","0x0003","0x0003"
"94","1774872401.644110000","86","ICMPv6, HiPerConTracer","fe80::d8b2:4c9b:f624:ed2e","ff02::1","0xc841","110","0xbeef","da:b2:4c:9b:f6:24:ed:2e",,"fe80::d8b2:4c9b:f624:ed2e","ff02::1","0x0001","False","0x0001","0x0003","0x0003"
"95","1774872402.644669000","86","ICMPv6, HiPerConTracer","fe80::d8b2:4c9b:f624:ed2e","ff02::1","0xc841","111","0xbeef","da:b2:4c:9b:f6:24:ed:2e",,"fe80::d8b2:4c9b:f624:ed2e","ff02::1","0x0001","False","0x0001","0x0003","0x0003"
"96","1774872403.646530000","86","ICMPv6, HiPerConTracer","fe80::d8b2:4c9b:f624:ed2e","ff02::1","0xc841","112","0xbeef","da:b2:4c:9b:f6:24:ed:2e",,"fe80::d8b2:4c9b:f624:ed2e","ff02::1","0x0001","False","0x0001","0x0003","0x0003"
"97","1774872404.646151000","86","ICMPv6, HiPerConTracer","fe80::d8b2:4c9b:f624:ed2e","ff02::1","0xc841","113","0xbeef","da:b2:4c:9b:f6:24:ed:2e",,"fe80::d8b2:4c9b:f624:ed2e","ff02::1","0x0001","False","0x0001","0x0003","0x0003"
"98","1774872405.648028000","86","ICMPv6, HiPerConTracer","fe80::d8b2:4c9b:f624:ed2e","ff02::1","0xc841","114","0xbeef","da:b2:4c:9b:f6:24:ed:2e",,"fe80::d8b2:4c9b:f624:ed2e","ff02::1","0x0001","False","0x0001","0x0003","0x0003"
"99","1774872406.650317000","86","ICMPv6, HiPerConTracer","fe80::d8b2:4c9b:f624:ed2e","ff02::1","0xc841","115","0xbeef","da:b2:4c:9b:f6:24:ed:2e",,"fe80::d8b2:4c9b:f624:ed2e","ff02::1","0x0001","False","0x0001","0x0003","0x0003"
"100","1774872407.649020000","86","ICMPv6, HiPerConTracer","fe80::d8b2:4c9b:f624:ed2e","ff02::1","0xc841","116","0xbeef","da:b2:4c:9b:f6:24:ed:2e",,"fe80::d8b2:4c9b:f624:ed2e","ff02::1","0x0001","False","0x0001","0x0003","0x0003"
"101","1774872408.649756000","86","ICMPv6, HiPerConTracer","fe80::d8b2:4c9b:f624:ed2e","ff02::1","0xc841","117","0xbeef","da:b2:4c:9b:f6:24:ed:2e",,"fe80::d8b2:4c9b:f624:ed2e","ff02::1","0x0001","False","0x0001","0x0003","0x0003"
"102","1774872409.653996000","86","ICMPv6, HiPerConTracer","fe80::d8b2:4c9b:f624:ed2e","ff02::1","0xc841","118","0xbeef","da:b2:4c:9b:f6:24:ed:2e",,"fe80::d8b2:4c9b:f624:ed2e","ff02::1","0x0001","False","0x0001","0x0003","0x0003"
"103","1774872410.654272000","86","ICMPv6, HiPerConTracer","fe80::d8b2:4c9b:f624:ed2e","ff02::1","0xc841","119","0xbeef","da:b2:4c:9b:f6:24:ed:2e",,"fe80::d8b2:4c9b:f624:ed2e","ff02::1","0x0001","False","0x0001","0x0003","0x0003"
"104","1774872411.654894000","86","ICMPv6, HiPerConTracer","fe80::d8b2:4c9b:f624:ed2e","ff02::1","0xc841","120","0xbeef","da:b2:4c:9b:f6:24:ed:2e",,"fe80::d8b2:4c9b:f624:ed2e","ff02::1","0x0001","False","0x0001","0x0003","0x0003"
"105","1774872412.654717000","86","ICMPv6, HiPerConTracer","fe80::d8b2:4c9b:f624:ed2e","ff02::1","0xc841","121","0xbeef","da:b2:4c:9b:f6:24:ed:2e",,"fe80::d8b2:4c9b:f624:ed2e","ff02::1","0x0001","False","0x0001","0x0003","0x0003"
"106","1774872489.077359000","55","ICMPv6","::","ff02::16","0xc841","130","0xffff","4a:65:84:93:0d:e8:d2:22",,"::","ff02::16","0x0003","False","0x0001","0x0000","0x0003"
"107","1774872489.507817000","56","ICMPv6","::","ff02::1:ffe8:d222","0xc841","131","0xffff","4a:65:84:93:0d:e8:d2:22",,"::","ff02::1:ffe8:d222","0x0003","False","0x0003","0x0000","0x0001"
"108","1774872489.778317000","55","ICMPv6","::","ff02::16","0xc841","132","0xffff","4a:65:84:93:0d:e8:d2:22",,"::","ff02::16","0x0003","False","0x0001","0x0000","0x0003"
"109","1774872490.582953000","55","ICMPv6","fe80::4865:8493:de8:d222","ff02::16","0xc841","133","0xffff","4a:65:84:93:0d:e8:d2:22",,"fe80::4865:8493:de8:d222","ff02::16","0x0003","False","0x0001","0x0003","0x0003"
"110","1774872490.586366000","43","ICMPv6","fe80::4865:8493:de8:d222","ff02::2","0xc841","134","0xffff","4a:65:84:93:0d:e8:d2:22",,"fe80::4865:8493:de8:d222","ff02::2","0x0003","False","0x0003","0x0003","0x0003"
"111","1774872490.607334000","55","ICMPv6","fe80::4865:8493:de8:d222","ff02::16","0xc841","135","0xffff","4a:65:84:93:0d:e8:d2:22",,"fe80::4865:8493:de8:d222","ff02::16","0x0003","False","0x0001","0x0003","0x0003"
"112","1774872490.632460000","120","6LoWPAN",,,"0xc841","136","0xffff","4a:65:84:93:0d:e8:d2:22",,"fe80::4865:8493:de8:d222","ff02::fb","0x0001","True","0x0003","0x0003","0x0003"
"113","1774872490.637237000","50","MDNS","fe80::4865:8493:de8:d222","ff02::fb","0xc841","137","0xffff","4a:65:84:93:0d:e8:d2:22",,,,,,,,
"114","1774872490.654536000","120","6LoWPAN",,,"0xc841","138","0xffff","4a:65:84:93:0d:e8:d2:22",,"fe80::4865:8493:de8:d222","ff02::fb","0x0001","True","0x0003","0x0003","0x0003"
"115","1774872490.665616000","66","6LoWPAN",,,"0xc841","140","0xffff","4a:65:84:93:0d:e8:d2:22",,,,,,,,
"116","1774872490.905208000","120","6LoWPAN",,,"0xc841","141","0xffff","4a:65:84:93:0d:e8:d2:22",,"fe80::4865:8493:de8:d222","ff02::fb","0x0001","True","0x0003","0x0003","0x0003"
"117","1774872490.917979000","66","6LoWPAN",,,"0xc841","143","0xffff","4a:65:84:93:0d:e8:d2:22",,,,,,,,
"118","1774872491.006747000","75","ICMPv6","fe80::4865:8493:de8:d222","ff02::16","0xc841","144","0xffff","4a:65:84:93:0d:e8:d2:22",,"fe80::4865:8493:de8:d222","ff02::16","0x0003","False","0x0001","0x0003","0x0003"
"119","1774872491.154988000","120","6LoWPAN",,,"0xc841","145","0xffff","4a:65:84:93:0d:e8:d2:22",,"fe80::4865:8493:de8:d222","ff02::fb","0x0001","True","0x0003","0x0003","0x0003"
"120","1774872491.161507000","124","6LoWPAN",,,"0xc841","146","0xffff","4a:65:84:93:0d:e8:d2:22",,,,,,,,
"121","1774872491.168381000","66","MDNS","fe80::4865:8493:de8:d222","ff02::fb","0xc841","147","0xffff","4a:65:84:93:0d:e8:d2:22",,,,,,,,
"122","1774872491.356493000","120","6LoWPAN",,,"0xc841","148","0xffff","4a:65:84:93:0d:e8:d2:22",,"fe80::4865:8493:de8:d222","ff02::fb","0x0001","True","0x0003","0x0003","0x0003"
"123","1774872491.363306000","124","6LoWPAN",,,"0xc841","149","0xffff","4a:65:84:93:0d:e8:d2:22",,,,,,,,
"124","1774872491.368815000","48","MDNS","fe80::4865:8493:de8:d222","ff02::fb","0xc841","150","0xffff","4a:65:84:93:0d:e8:d2:22",,,,,,,,
"125","1774872491.648337000","120","6LoWPAN",,,"0xc841","151","0xffff","4a:65:84:93:0d:e8:d2:22",,"fe80::4865:8493:de8:d222","ff02::fb","0x0001","True","0x0003","0x0003","0x0003"
"126","1774872491.654724000","50","MDNS","fe80::4865:8493:de8:d222","ff02::fb","0xc841","152","0xffff","4a:65:84:93:0d:e8:d2:22",,,,,,,,
"127","1774872492.374165000","120","6LoWPAN",,,"0xc841","154","0xffff","4a:65:84:93:0d:e8:d2:22",,"fe80::4865:8493:de8:d222","ff02::fb","0x0001","True","0x0003","0x0003","0x0003"
"128","1774872492.381098000","124","6LoWPAN",,,"0xc841","155","0xffff","4a:65:84:93:0d:e8:d2:22",,,,,,,,
"129","1774872492.388195000","48","MDNS","fe80::4865:8493:de8:d222","ff02::fb","0xc841","156","0xffff","4a:65:84:93:0d:e8:d2:22",,,,,,,,
"130","1774872493.668496000","120","6LoWPAN",,,"0xc841","157","0xffff","4a:65:84:93:0d:e8:d2:22",,"fe80::4865:8493:de8:d222","ff02::fb","0x0001","True","0x0003","0x0003","0x0003"
"131","1774872493.673749000","117","MDNS","fe80::4865:8493:de8:d222","ff02::fb","0xc841","158","0xffff","4a:65:84:93:0d:e8:d2:22",,,,,,,,
"132","1774872494.390966000","120","6LoWPAN",,,"0xc841","159","0xffff","4a:65:84:93:0d:e8:d2:22",,"fe80::4865:8493:de8:d222","ff02::fb","0x0001","True","0x0003","0x0003","0x0003"
"133","1774872494.398134000","124","6LoWPAN",,,"0xc841","160","0xffff","4a:65:84:93:0d:e8:d2:22",,,,,,,,
"134","1774872494.403434000","48","MDNS","fe80::4865:8493:de8:d222","ff02::fb","0xc841","161","0xffff","4a:65:84:93:0d:e8:d2:22",,,,,,,,
"135","1774872494.977067000","43","ICMPv6","fe80::4865:8493:de8:d222","ff02::2","0xc841","162","0xffff","4a:65:84:93:0d:e8:d2:22",,"fe80::4865:8493:de8:d222","ff02::2","0x0003","False","0x0003","0x0003","0x0003"
"136","1774872504.337412000","43","ICMPv6","fe80::4865:8493:de8:d222","ff02::2","0xc841","163","0xffff","4a:65:84:93:0d:e8:d2:22",,"fe80::4865:8493:de8:d222","ff02::2","0x0003","False","0x0003","0x0003","0x0003"
"137","1774872521.619008000","43","ICMPv6","fe80::4865:8493:de8:d222","ff02::2","0xc841","164","0xffff","4a:65:84:93:0d:e8:d2:22",,"fe80::4865:8493:de8:d222","ff02::2","0x0003","False","0x0003","0x0003","0x0003"
"138","1774872556.792030000","55","ICMPv6","::","ff02::16","0xc841","74","0xbeef","4a:65:84:93:0d:e8:d2:22",,"::","ff02::16","0x0003","False","0x0001","0x0000","0x0003"
"139","1774872556.849433000","55","ICMPv6","::","ff02::16","0xc841","75","0xbeef","4a:65:84:93:0d:e8:d2:22",,"::","ff02::16","0x0003","False","0x0001","0x0000","0x0003"
"140","1774872557.290541000","56","ICMPv6","::","ff02::1:ffe8:d222","0xc841","76","0xbeef","4a:65:84:93:0d:e8:d2:22",,"::","ff02::1:ffe8:d222","0x0003","False","0x0003","0x0000","0x0001"
"141","1774872558.345287000","55","ICMPv6","fe80::4865:8493:de8:d222","ff02::16","0xc841","77","0xbeef","4a:65:84:93:0d:e8:d2:22",,"fe80::4865:8493:de8:d222","ff02::16","0x0003","False","0x0001","0x0003","0x0003"
"142","1774872558.348758000","43","ICMPv6","fe80::4865:8493:de8:d222","ff02::2","0xc841","78","0xbeef","4a:65:84:93:0d:e8:d2:22",,"fe80::4865:8493:de8:d222","ff02::2","0x0003","False","0x0003","0x0003","0x0003"
"143","1774872558.369610000","55","ICMPv6","fe80::4865:8493:de8:d222","ff02::16","0xc841","79","0xbeef","4a:65:84:93:0d:e8:d2:22",,"fe80::4865:8493:de8:d222","ff02::16","0x0003","False","0x0001","0x0003","0x0003"
"144","1774872558.385959000","120","6LoWPAN",,,"0xc841","80","0xbeef","4a:65:84:93:0d:e8:d2:22",,"fe80::4865:8493:de8:d222","ff02::fb","0x0001","True","0x0003","0x0003","0x0003"
"145","1774872558.390749000","50","MDNS","fe80::4865:8493:de8:d222","ff02::fb","0xc841","81","0xbeef","4a:65:84:93:0d:e8:d2:22",,,,,,,,
"146","1774872558.417430000","124","MDNS","fe80::4865:8493:de8:d222","ff02::fb","0xc841","83","0xbeef","4a:65:84:93:0d:e8:d2:22",,,,,,,,
"147","1774872558.422330000","66","6LoWPAN",,,"0xc841","84","0xbeef","4a:65:84:93:0d:e8:d2:22",,,,,,,,
"148","1774872558.665108000","120","6LoWPAN",,,"0xc841","85","0xbeef","4a:65:84:93:0d:e8:d2:22",,"fe80::4865:8493:de8:d222","ff02::fb","0x0001","True","0x0003","0x0003","0x0003"
"149","1774872558.671017000","124","MDNS","fe80::4865:8493:de8:d222","ff02::fb","0xc841","86","0xbeef","4a:65:84:93:0d:e8:d2:22",,,,,,,,
"150","1774872558.675896000","66","6LoWPAN",,,"0xc841","87","0xbeef","4a:65:84:93:0d:e8:d2:22",,,,,,,,
"151","1774872558.819167000","75","ICMPv6","fe80::4865:8493:de8:d222","ff02::16","0xc841","88","0xbeef","4a:65:84:93:0d:e8:d2:22",,"fe80::4865:8493:de8:d222","ff02::16","0x0003","False","0x0001","0x0003","0x0003"
"152","1774872558.913483000","120","6LoWPAN",,,"0xc841","89","0xbeef","4a:65:84:93:0d:e8:d2:22",,"fe80::4865:8493:de8:d222","ff02::fb","0x0001","True","0x0003","0x0003","0x0003"
"153","1774872558.920346000","124","6LoWPAN",,,"0xc841","90","0xbeef","4a:65:84:93:0d:e8:d2:22",,,,,,,,
"154","1774872558.926236000","66","MDNS","fe80::4865:8493:de8:d222","ff02::fb","0xc841","91","0xbeef","4a:65:84:93:0d:e8:d2:22",,,,,,,,
"155","1774872558.960919000","55","ICMPv6","fe80::4865:8493:de8:d222","ff02::16","0xc841","92","0xbeef","4a:65:84:93:0d:e8:d2:22",,"fe80::4865:8493:de8:d222","ff02::16","0x0003","False","0x0001","0x0003","0x0003"
"156","1774872559.113100000","120","6LoWPAN",,,"0xc841","93","0xbeef","4a:65:84:93:0d:e8:d2:22",,"fe80::4865:8493:de8:d222","ff02::fb","0x0001","True","0x0003","0x0003","0x0003"
"157","1774872559.118006000","124","6LoWPAN",,,"0xc841","94","0xbeef","4a:65:84:93:0d:e8:d2:22",,,,,,,,
"158","1774872559.124480000","48","MDNS","fe80::4865:8493:de8:d222","ff02::fb","0xc841","95","0xbeef","4a:65:84:93:0d:e8:d2:22",,,,,,,,
"159","1774872559.398153000","120","6LoWPAN",,,"0xc841","96","0xbeef","4a:65:84:93:0d:e8:d2:22",,"fe80::4865:8493:de8:d222","ff02::fb","0x0001","True","0x0003","0x0003","0x0003"
"160","1774872559.403588000","50","MDNS","fe80::4865:8493:de8:d222","ff02::fb","0xc841","97","0xbeef","4a:65:84:93:0d:e8:d2:22",,,,,,,,
"161","1774872560.140806000","48","6LoWPAN",,,"0xc841","100","0xbeef","4a:65:84:93:0d:e8:d2:22",,,,,,,,
"162","1774872561.410955000","120","6LoWPAN",,,"0xc841","101","0xbeef","4a:65:84:93:0d:e8:d2:22",,"fe80::4865:8493:de8:d222","ff02::fb","0x0001","True","0x0003","0x0003","0x0003"
"163","1774872561.415848000","117","MDNS","fe80::4865:8493:de8:d222","ff02::fb","0xc841","102","0xbeef","4a:65:84:93:0d:e8:d2:22",,,,,,,,
"164","1774872562.021288000","43","ICMPv6","fe80::4865:8493:de8:d222","ff02::2","0xc841","103","0xbeef","4a:65:84:93:0d:e8:d2:22",,"fe80::4865:8493:de8:d222","ff02::2","0x0003","False","0x0003","0x0003","0x0003"
"165","1774872562.138230000","120","6LoWPAN",,,"0xc841","104","0xbeef","4a:65:84:93:0d:e8:d2:22",,"fe80::4865:8493:de8:d222","ff02::fb","0x0001","True","0x0003","0x0003","0x0003"
"166","1774872562.143467000","124","6LoWPAN",,,"0xc841","105","0xbeef","4a:65:84:93:0d:e8:d2:22",,,,,,,,
"167","1774872562.148639000","48","MDNS","fe80::4865:8493:de8:d222","ff02::fb","0xc841","106","0xbeef","4a:65:84:93:0d:e8:d2:22",,,,,,,,
"168","1774872569.620499000","43","ICMPv6","fe80::4865:8493:de8:d222","ff02::2","0xc841","107","0xbeef","4a:65:84:93:0d:e8:d2:22",,"fe80::4865:8493:de8:d222","ff02::2","0x0003","False","0x0003","0x0003","0x0003"
"169","1774872577.734762000","43","ICMPv6","fe80::d8b2:4c9b:f624:ed2e","ff02::2","0xc841","122","0xbeef","da:b2:4c:9b:f6:24:ed:2e",,"fe80::d8b2:4c9b:f624:ed2e","ff02::2","0x0003","False","0x0003","0x0003","0x0003"
"170","1774872583.699782000","43","ICMPv6","fe80::4865:8493:de8:d222","ff02::2","0xc841","108","0xbeef","4a:65:84:93:0d:e8:d2:22",,"fe80::4865:8493:de8:d222","ff02::2","0x0003","False","0x0003","0x0003","0x0003"
"171","1774872603.850405000","86","ICMPv6, HiPerConTracer","fe80::d8b2:4c9b:f624:ed2e","ff02::1","0xc841","123","0xbeef","da:b2:4c:9b:f6:24:ed:2e",,"fe80::d8b2:4c9b:f624:ed2e","ff02::1","0x0001","False","0x0001","0x0003","0x0003"
"172","1774872604.849937000","86","ICMPv6, HiPerConTracer","fe80::d8b2:4c9b:f624:ed2e","ff02::1","0xc841","124","0xbeef","da:b2:4c:9b:f6:24:ed:2e",,"fe80::d8b2:4c9b:f624:ed2e","ff02::1","0x0001","False","0x0001","0x0003","0x0003"
"173","1774872605.853306000","86","ICMPv6, HiPerConTracer","fe80::d8b2:4c9b:f624:ed2e","ff02::1","0xc841","125","0xbeef","da:b2:4c:9b:f6:24:ed:2e",,"fe80::d8b2:4c9b:f624:ed2e","ff02::1","0x0001","False","0x0001","0x0003","0x0003"
"174","1774872606.852370000","86","ICMPv6, HiPerConTracer","fe80::d8b2:4c9b:f624:ed2e","ff02::1","0xc841","126","0xbeef","da:b2:4c:9b:f6:24:ed:2e",,"fe80::d8b2:4c9b:f624:ed2e","ff02::1","0x0001","False","0x0001","0x0003","0x0003"
"175","1774872607.855028000","86","ICMPv6, HiPerConTracer","fe80::d8b2:4c9b:f624:ed2e","ff02::1","0xc841","127","0xbeef","da:b2:4c:9b:f6:24:ed:2e",,"fe80::d8b2:4c9b:f624:ed2e","ff02::1","0x0001","False","0x0001","0x0003","0x0003"
"176","1774872608.854965000","86","ICMPv6, HiPerConTracer","fe80::d8b2:4c9b:f624:ed2e","ff02::1","0xc841","128","0xbeef","da:b2:4c:9b:f6:24:ed:2e",,"fe80::d8b2:4c9b:f624:ed2e","ff02::1","0x0001","False","0x0001","0x0003","0x0003"
"177","1774872609.856694000","86","ICMPv6, HiPerConTracer","fe80::d8b2:4c9b:f624:ed2e","ff02::1","0xc841","129","0xbeef","da:b2:4c:9b:f6:24:ed:2e",,"fe80::d8b2:4c9b:f624:ed2e","ff02::1","0x0001","False","0x0001","0x0003","0x0003"
"178","1774872611.862111000","43","ICMPv6","fe80::4865:8493:de8:d222","ff02::2","0xc841","109","0xbeef","4a:65:84:93:0d:e8:d2:22",,"fe80::4865:8493:de8:d222","ff02::2","0x0003","False","0x0003","0x0003","0x0003"
"179","1774872636.388133000","86","ICMPv6, HiPerConTracer","fe80::d8b2:4c9b:f624:ed2e","ff02::1","0xc841","130","0xbeef","da:b2:4c:9b:f6:24:ed:2e",,"fe80::d8b2:4c9b:f624:ed2e","ff02::1","0x0001","False","0x0001","0x0003","0x0003"
"180","1774872637.388426000","86","ICMPv6, HiPerConTracer","fe80::d8b2:4c9b:f624:ed2e","ff02::1","0xc841","131","0xbeef","da:b2:4c:9b:f6:24:ed:2e",,"fe80::d8b2:4c9b:f624:ed2e","ff02::1","0x0001","False","0x0001","0x0003","0x0003"
"181","1774872638.390780000","86","ICMPv6, HiPerConTracer","fe80::d8b2:4c9b:f624:ed2e","ff02::1","0xc841","132","0xbeef","da:b2:4c:9b:f6:24:ed:2e",,"fe80::d8b2:4c9b:f624:ed2e","ff02::1","0x0001","False","0x0001","0x0003","0x0003"
"182","1774872639.390119000","86","ICMPv6, HiPerConTracer","fe80::d8b2:4c9b:f624:ed2e","ff02::1","0xc841","133","0xbeef","da:b2:4c:9b:f6:24:ed:2e",,"fe80::d8b2:4c9b:f624:ed2e","ff02::1","0x0001","False","0x0001","0x0003","0x0003"
"183","1774872640.392315000","86","ICMPv6, HiPerConTracer","fe80::d8b2:4c9b:f624:ed2e","ff02::1","0xc841","134","0xbeef","da:b2:4c:9b:f6:24:ed:2e",,"fe80::d8b2:4c9b:f624:ed2e","ff02::1","0x0001","False","0x0001","0x0003","0x0003"
"184","1774872641.394529000","86","ICMPv6, HiPerConTracer","fe80::d8b2:4c9b:f624:ed2e","ff02::1","0xc841","135","0xbeef","da:b2:4c:9b:f6:24:ed:2e",,"fe80::d8b2:4c9b:f624:ed2e","ff02::1","0x0001","False","0x0001","0x0003","0x0003"
"185","1774872642.395622000","86","ICMPv6, HiPerConTracer","fe80::d8b2:4c9b:f624:ed2e","ff02::1","0xc841","136","0xbeef","da:b2:4c:9b:f6:24:ed:2e",,"fe80::d8b2:4c9b:f624:ed2e","ff02::1","0x0001","False","0x0001","0x0003","0x0003"
"186","1774872643.397363000","86","ICMPv6, HiPerConTracer","fe80::d8b2:4c9b:f624:ed2e","ff02::1","0xc841","137","0xbeef","da:b2:4c:9b:f6:24:ed:2e",,"fe80::d8b2:4c9b:f624:ed2e","ff02::1","0x0001","False","0x0001","0x0003","0x0003"
"187","1774872644.397740000","86","ICMPv6, HiPerConTracer","fe80::d8b2:4c9b:f624:ed2e","ff02::1","0xc841","138","0xbeef","da:b2:4c:9b:f6:24:ed:2e",,"fe80::d8b2:4c9b:f624:ed2e","ff02::1","0x0001","False","0x0001","0x0003","0x0003"
"188","1774872645.398062000","86","ICMPv6, HiPerConTracer","fe80::d8b2:4c9b:f624:ed2e","ff02::1","0xc841","139","0xbeef","da:b2:4c:9b:f6:24:ed:2e",,"fe80::d8b2:4c9b:f624:ed2e","ff02::1","0x0001","False","0x0001","0x0003","0x0003"
"189","1774872646.401136000","86","ICMPv6, HiPerConTracer","fe80::d8b2:4c9b:f624:ed2e","ff02::1","0xc841","140","0xbeef","da:b2:4c:9b:f6:24:ed:2e",,"fe80::d8b2:4c9b:f624:ed2e","ff02::1","0x0001","False","0x0001","0x0003","0x0003"
"190","1774872647.401117000","86","ICMPv6, HiPerConTracer","fe80::d8b2:4c9b:f624:ed2e","ff02::1","0xc841","141","0xbeef","da:b2:4c:9b:f6:24:ed:2e",,"fe80::d8b2:4c9b:f624:ed2e","ff02::1","0x0001","False","0x0001","0x0003","0x0003"
"191","1774872648.401818000","86","ICMPv6, HiPerConTracer","fe80::d8b2:4c9b:f624:ed2e","ff02::1","0xc841","142","0xbeef","da:b2:4c:9b:f6:24:ed:2e",,"fe80::d8b2:4c9b:f624:ed2e","ff02::1","0x0001","False","0x0001","0x0003","0x0003"
"192","1774872649.402614000","86","ICMPv6, HiPerConTracer","fe80::d8b2:4c9b:f624:ed2e","ff02::1","0xc841","143","0xbeef","da:b2:4c:9b:f6:24:ed:2e",,"fe80::d8b2:4c9b:f624:ed2e","ff02::1","0x0001","False","0x0001","0x0003","0x0003"
"193","1774872650.403384000","86","ICMPv6, HiPerConTracer","fe80::d8b2:4c9b:f624:ed2e","ff02::1","0xc841","144","0xbeef","da:b2:4c:9b:f6:24:ed:2e",,"fe80::d8b2:4c9b:f624:ed2e","ff02::1","0x0001","False","0x0001","0x0003","0x0003"
"194","1774872651.404463000","86","ICMPv6, HiPerConTracer","fe80::d8b2:4c9b:f624:ed2e","ff02::1","0xc841","145","0xbeef","da:b2:4c:9b:f6:24:ed:2e",,"fe80::d8b2:4c9b:f624:ed2e","ff02::1","0x0001","False","0x0001","0x0003","0x0003"
"195","1774872652.405553000","86","ICMPv6, HiPerConTracer","fe80::d8b2:4c9b:f624:ed2e","ff02::1","0xc841","146","0xbeef","da:b2:4c:9b:f6:24:ed:2e",,"fe80::d8b2:4c9b:f624:ed2e","ff02::1","0x0001","False","0x0001","0x0003","0x0003"
"196","1774872653.407629000","86","ICMPv6, HiPerConTracer","fe80::d8b2:4c9b:f624:ed2e","ff02::1","0xc841","147","0xbeef","da:b2:4c:9b:f6:24:ed:2e",,"fe80::d8b2:4c9b:f624:ed2e","ff02::1","0x0001","False","0x0001","0x0003","0x0003"
"197","1774872654.407764000","86","ICMPv6, HiPerConTracer","fe80::d8b2:4c9b:f624:ed2e","ff02::1","0xc841","148","0xbeef","da:b2:4c:9b:f6:24:ed:2e",,"fe80::d8b2:4c9b:f624:ed2e","ff02::1","0x0001","False","0x0001","0x0003","0x0003"
"198","1774872655.408635000","86","ICMPv6, HiPerConTracer","fe80::d8b2:4c9b:f624:ed2e","ff02::1","0xc841","149","0xbeef","da:b2:4c:9b:f6:24:ed:2e",,"fe80::d8b2:4c9b:f624:ed2e","ff02::1","0x0001","False","0x0001","0x0003","0x0003"
"199","1774872656.411456000","86","ICMPv6, HiPerConTracer","fe80::d8b2:4c9b:f624:ed2e","ff02::1","0xc841","150","0xbeef","da:b2:4c:9b:f6:24:ed:2e",,"fe80::d8b2:4c9b:f624:ed2e","ff02::1","0x0001","False","0x0001","0x0003","0x0003"
"200","1774872657.411186000","86","ICMPv6, HiPerConTracer","fe80::d8b2:4c9b:f624:ed2e","ff02::1","0xc841","151","0xbeef","da:b2:4c:9b:f6:24:ed:2e",,"fe80::d8b2:4c9b:f624:ed2e","ff02::1","0x0001","False","0x0001","0x0003","0x0003"
"201","1774872658.412287000","86","ICMPv6, HiPerConTracer","fe80::d8b2:4c9b:f624:ed2e","ff02::1","0xc841","152","0xbeef","da:b2:4c:9b:f6:24:ed:2e",,"fe80::d8b2:4c9b:f624:ed2e","ff02::1","0x0001","False","0x0001","0x0003","0x0003"
"202","1774872659.414340000","86","ICMPv6, HiPerConTracer","fe80::d8b2:4c9b:f624:ed2e","ff02::1","0xc841","153","0xbeef","da:b2:4c:9b:f6:24:ed:2e",,"fe80::d8b2:4c9b:f624:ed2e","ff02::1","0x0001","False","0x0001","0x0003","0x0003"
"203","1774872660.416213000","86","ICMPv6, HiPerConTracer","fe80::d8b2:4c9b:f624:ed2e","ff02::1","0xc841","154","0xbeef","da:b2:4c:9b:f6:24:ed:2e",,"fe80::d8b2:4c9b:f624:ed2e","ff02::1","0x0001","False","0x0001","0x0003","0x0003"
"204","1774872661.417475000","86","ICMPv6, HiPerConTracer","fe80::d8b2:4c9b:f624:ed2e","ff02::1","0xc841","155","0xbeef","da:b2:4c:9b:f6:24:ed:2e",,"fe80::d8b2:4c9b:f624:ed2e","ff02::1","0x0001","False","0x0001","0x0003","0x0003"
"205","1774872662.420711000","86","ICMPv6, HiPerConTracer","fe80::d8b2:4c9b:f624:ed2e","ff02::1","0xc841","156","0xbeef","da:b2:4c:9b:f6:24:ed:2e",,"fe80::d8b2:4c9b:f624:ed2e","ff02::1","0x0001","False","0x0001","0x0003","0x0003"
"206","1774872663.420613000","86","ICMPv6, HiPerConTracer","fe80::d8b2:4c9b:f624:ed2e","ff02::1","0xc841","157","0xbeef","da:b2:4c:9b:f6:24:ed:2e",,"fe80::d8b2:4c9b:f624:ed2e","ff02::1","0x0001","False","0x0001","0x0003","0x0003"
"207","1774872664.421392000","86","ICMPv6, HiPerConTracer","fe80::d8b2:4c9b:f624:ed2e","ff02::1","0xc841","158","0xbeef","da:b2:4c:9b:f6:24:ed:2e",,"fe80::d8b2:4c9b:f624:ed2e","ff02::1","0x0001","False","0x0001","0x0003","0x0003"
"208","1774872665.424444000","86","ICMPv6, HiPerConTracer","fe80::d8b2:4c9b:f624:ed2e","ff02::1","0xc841","159","0xbeef","da:b2:4c:9b:f6:24:ed:2e",,"fe80::d8b2:4c9b:f624:ed2e","ff02::1","0x0001","False","0x0001","0x0003","0x0003"
"209","1774872666.449371000","86","ICMPv6, HiPerConTracer","fe80::d8b2:4c9b:f624:ed2e","ff02::1","0xc841","160","0xbeef","da:b2:4c:9b:f6:24:ed:2e",,"fe80::d8b2:4c9b:f624:ed2e","ff02::1","0x0001","False","0x0001","0x0003","0x0003"
"210","1774872667.450296000","86","ICMPv6, HiPerConTracer","fe80::d8b2:4c9b:f624:ed2e","ff02::1","0xc841","161","0xbeef","da:b2:4c:9b:f6:24:ed:2e",,"fe80::d8b2:4c9b:f624:ed2e","ff02::1","0x0001","False","0x0001","0x0003","0x0003"
"211","1774872668.454461000","86","ICMPv6, HiPerConTracer","fe80::d8b2:4c9b:f624:ed2e","ff02::1","0xc841","162","0xbeef","da:b2:4c:9b:f6:24:ed:2e",,"fe80::d8b2:4c9b:f624:ed2e","ff02::1","0x0001","False","0x0001","0x0003","0x0003"
"212","1774872669.453985000","86","ICMPv6, HiPerConTracer","fe80::d8b2:4c9b:f624:ed2e","ff02::1","0xc841","163","0xbeef","da:b2:4c:9b:f6:24:ed:2e",,"fe80::d8b2:4c9b:f624:ed2e","ff02::1","0x0001","False","0x0001","0x0003","0x0003"
"213","1774872670.102846000","43","ICMPv6","fe80::4865:8493:de8:d222","ff02::2","0xc841","110","0xbeef","4a:65:84:93:0d:e8:d2:22",,"fe80::4865:8493:de8:d222","ff02::2","0x0003","False","0x0003","0x0003","0x0003"
"214","1774872670.454454000","86","ICMPv6, HiPerConTracer","fe80::d8b2:4c9b:f624:ed2e","ff02::1","0xc841","164","0xbeef","da:b2:4c:9b:f6:24:ed:2e",,"fe80::d8b2:4c9b:f624:ed2e","ff02::1","0x0001","False","0x0001","0x0003","0x0003"
"215","1774872671.455426000","86","ICMPv6, HiPerConTracer","fe80::d8b2:4c9b:f624:ed2e","ff02::1","0xc841","165","0xbeef","da:b2:4c:9b:f6:24:ed:2e",,"fe80::d8b2:4c9b:f624:ed2e","ff02::1","0x0001","False","0x0001","0x0003","0x0003"
"216","1774872672.459268000","86","ICMPv6, HiPerConTracer","fe80::d8b2:4c9b:f624:ed2e","ff02::1","0xc841","166","0xbeef","da:b2:4c:9b:f6:24:ed:2e",,"fe80::d8b2:4c9b:f624:ed2e","ff02::1","0x0001","False","0x0001","0x0003","0x0003"
"217","1774872673.459188000","86","ICMPv6, HiPerConTracer","fe80::d8b2:4c9b:f624:ed2e","ff02::1","0xc841","167","0xbeef","da:b2:4c:9b:f6:24:ed:2e",,"fe80::d8b2:4c9b:f624:ed2e","ff02::1","0x0001","False","0x0001","0x0003","0x0003"
"218","1774872674.460316000","86","ICMPv6, HiPerConTracer","fe80::d8b2:4c9b:f624:ed2e","ff02::1","0xc841","168","0xbeef","da:b2:4c:9b:f6:24:ed:2e",,"fe80::d8b2:4c9b:f624:ed2e","ff02::1","0x0001","False","0x0001","0x0003","0x0003"
"219","1774872675.460102000","86","ICMPv6, HiPerConTracer","fe80::d8b2:4c9b:f624:ed2e","ff02::1","0xc841","169","0xbeef","da:b2:4c:9b:f6:24:ed:2e",,"fe80::d8b2:4c9b:f624:ed2e","ff02::1","0x0001","False","0x0001","0x0003","0x0003"
"220","1774872676.462508000","86","ICMPv6, HiPerConTracer","fe80::d8b2:4c9b:f624:ed2e","ff02::1","0xc841","170","0xbeef","da:b2:4c:9b:f6:24:ed:2e",,"fe80::d8b2:4c9b:f624:ed2e","ff02::1","0x0001","False","0x0001","0x0003","0x0003"
"221","1774872677.462703000","86","ICMPv6, HiPerConTracer","fe80::d8b2:4c9b:f624:ed2e","ff02::1","0xc841","171","0xbeef","da:b2:4c:9b:f6:24:ed:2e",,"fe80::d8b2:4c9b:f624:ed2e","ff02::1","0x0001","False","0x0001","0x0003","0x0003"
"222","1774872678.465436000","86","ICMPv6, HiPerConTracer","fe80::d8b2:4c9b:f624:ed2e","ff02::1","0xc841","172","0xbeef","da:b2:4c:9b:f6:24:ed:2e",,"fe80::d8b2:4c9b:f624:ed2e","ff02::1","0x0001","False","0x0001","0x0003","0x0003"
"223","1774872679.464626000","86","ICMPv6, HiPerConTracer","fe80::d8b2:4c9b:f624:ed2e","ff02::1","0xc841","173","0xbeef","da:b2:4c:9b:f6:24:ed:2e",,"fe80::d8b2:4c9b:f624:ed2e","ff02::1","0x0001","False","0x0001","0x0003","0x0003"
"224","1774872680.466785000","86","ICMPv6, HiPerConTracer","fe80::d8b2:4c9b:f624:ed2e","ff02::1","0xc841","174","0xbeef","da:b2:4c:9b:f6:24:ed:2e",,"fe80::d8b2:4c9b:f624:ed2e","ff02::1","0x0001","False","0x0001","0x0003","0x0003"
"225","1774872681.468938000","86","ICMPv6, HiPerConTracer","fe80::d8b2:4c9b:f624:ed2e","ff02::1","0xc841","175","0xbeef","da:b2:4c:9b:f6:24:ed:2e",,"fe80::d8b2:4c9b:f624:ed2e","ff02::1","0x0001","False","0x0001","0x0003","0x0003"
"226","1774872682.469955000","86","ICMPv6, HiPerConTracer","fe80::d8b2:4c9b:f624:ed2e","ff02::1","0xc841","176","0xbeef","da:b2:4c:9b:f6:24:ed:2e",,"fe80::d8b2:4c9b:f624:ed2e","ff02::1","0x0001","False","0x0001","0x0003","0x0003"
"227","1774872683.469323000","86","ICMPv6, HiPerConTracer","fe80::d8b2:4c9b:f624:ed2e","ff02::1","0xc841","177","0xbeef","da:b2:4c:9b:f6:24:ed:2e",,"fe80::d8b2:4c9b:f624:ed2e","ff02::1","0x0001","False","0x0001","0x0003","0x0003"
"228","1774872684.472616000","86","ICMPv6, HiPerConTracer","fe80::d8b2:4c9b:f624:ed2e","ff02::1","0xc841","178","0xbeef","da:b2:4c:9b:f6:24:ed:2e",,"fe80::d8b2:4c9b:f624:ed2e","ff02::1","0x0001","False","0x0001","0x0003","0x0003"
"229","1774872733.149363000","86","ICMPv6","fe80::4865:8493:de8:d222","ff02::2","0xc841","111","0xbeef","4a:65:84:93:0d:e8:d2:22",,"fe80::4865:8493:de8:d222","ff02::2","0x0001","False","0x0001","0x0003","0x0003"
"230","1774872734.186649000","86","ICMPv6","fe80::4865:8493:de8:d222","ff02::2","0xc841","112","0xbeef","4a:65:84:93:0d:e8:d2:22",,"fe80::4865:8493:de8:d222","ff02::2","0x0001","False","0x0001","0x0003","0x0003"
"231","1774872735.226043000","86","ICMPv6","fe80::4865:8493:de8:d222","ff02::2","0xc841","113","0xbeef","4a:65:84:93:0d:e8:d2:22",,"fe80::4865:8493:de8:d222","ff02::2","0x0001","False","0x0001","0x0003","0x0003"
"232","1774872736.265109000","86","ICMPv6","fe80::4865:8493:de8:d222","ff02::2","0xc841","114","0xbeef","4a:65:84:93:0d:e8:d2:22",,"fe80::4865:8493:de8:d222","ff02::2","0x0001","False","0x0001","0x0003","0x0003"
"233","1774872737.305275000","86","ICMPv6","fe80::4865:8493:de8:d222","ff02::2","0xc841","115","0xbeef","4a:65:84:93:0d:e8:d2:22",,"fe80::4865:8493:de8:d222","ff02::2","0x0001","False","0x0001","0x0003","0x0003"
"234","1774872738.346786000","86","ICMPv6","fe80::4865:8493:de8:d222","ff02::2","0xc841","116","0xbeef","4a:65:84:93:0d:e8:d2:22",,"fe80::4865:8493:de8:d222","ff02::2","0x0001","False","0x0001","0x0003","0x0003"
"235","1774872739.386808000","86","ICMPv6","fe80::4865:8493:de8:d222","ff02::2","0xc841","117","0xbeef","4a:65:84:93:0d:e8:d2:22",,"fe80::4865:8493:de8:d222","ff02::2","0x0001","False","0x0001","0x0003","0x0003"
"236","1774872740.425896000","86","ICMPv6","fe80::4865:8493:de8:d222","ff02::2","0xc841","118","0xbeef","4a:65:84:93:0d:e8:d2:22",,"fe80::4865:8493:de8:d222","ff02::2","0x0001","False","0x0001","0x0003","0x0003"
"237","1774872741.465615000","86","ICMPv6","fe80::4865:8493:de8:d222","ff02::2","0xc841","119","0xbeef","4a:65:84:93:0d:e8:d2:22",,"fe80::4865:8493:de8:d222","ff02::2","0x0001","False","0x0001","0x0003","0x0003"
"238","1774872742.508990000","86","ICMPv6","fe80::4865:8493:de8:d222","ff02::2","0xc841","120","0xbeef","4a:65:84:93:0d:e8:d2:22",,"fe80::4865:8493:de8:d222","ff02::2","0x0001","False","0x0001","0x0003","0x0003"
"239","1774872743.546315000","86","ICMPv6","fe80::4865:8493:de8:d222","ff02::2","0xc841","121","0xbeef","4a:65:84:93:0d:e8:d2:22",,"fe80::4865:8493:de8:d222","ff02::2","0x0001","False","0x0001","0x0003","0x0003"
"240","1774872744.585388000","86","ICMPv6","fe80::4865:8493:de8:d222","ff02::2","0xc841","122","0xbeef","4a:65:84:93:0d:e8:d2:22",,"fe80::4865:8493:de8:d222","ff02::2","0x0001","False","0x0001","0x0003","0x0003"
"241","1774872745.626404000","86","ICMPv6","fe80::4865:8493:de8:d222","ff02::2","0xc841","123","0xbeef","4a:65:84:93:0d:e8:d2:22",,"fe80::4865:8493:de8:d222","ff02::2","0x0001","False","0x0001","0x0003","0x0003"
"242","1774872746.666111000","86","ICMPv6","fe80::4865:8493:de8:d222","ff02::2","0xc841","124","0xbeef","4a:65:84:93:0d:e8:d2:22",,"fe80::4865:8493:de8:d222","ff02::2","0x0001","False","0x0001","0x0003","0x0003"
"243","1774872747.707428000","86","ICMPv6","fe80::4865:8493:de8:d222","ff02::2","0xc841","125","0xbeef","4a:65:84:93:0d:e8:d2:22",,"fe80::4865:8493:de8:d222","ff02::2","0x0001","False","0x0001","0x0003","0x0003"
"244","1774872748.745862000","86","ICMPv6","fe80::4865:8493:de8:d222","ff02::2","0xc841","126","0xbeef","4a:65:84:93:0d:e8:d2:22",,"fe80::4865:8493:de8:d222","ff02::2","0x0001","False","0x0001","0x0003","0x0003"
"245","1774872749.785571000","86","ICMPv6","fe80::4865:8493:de8:d222","ff02::2","0xc841","127","0xbeef","4a:65:84:93:0d:e8:d2:22",,"fe80::4865:8493:de8:d222","ff02::2","0x0001","False","0x0001","0x0003","0x0003"
"246","1774872750.825912000","86","ICMPv6","fe80::4865:8493:de8:d222","ff02::2","0xc841","128","0xbeef","4a:65:84:93:0d:e8:d2:22",,"fe80::4865:8493:de8:d222","ff02::2","0x0001","False","0x0001","0x0003","0x0003"
"247","1774872751.867573000","86","ICMPv6","fe80::4865:8493:de8:d222","ff02::2","0xc841","129","0xbeef","4a:65:84:93:0d:e8:d2:22",,"fe80::4865:8493:de8:d222","ff02::2","0x0001","False","0x0001","0x0003","0x0003"
"248","1774872752.907285000","86","ICMPv6","fe80::4865:8493:de8:d222","ff02::2","0xc841","130","0xbeef","4a:65:84:93:0d:e8:d2:22",,"fe80::4865:8493:de8:d222","ff02::2","0x0001","False","0x0001","0x0003","0x0003"
"249","1774872753.947008000","86","ICMPv6","fe80::4865:8493:de8:d222","ff02::2","0xc841","131","0xbeef","4a:65:84:93:0d:e8:d2:22",,"fe80::4865:8493:de8:d222","ff02::2","0x0001","False","0x0001","0x0003","0x0003"
"250","1774872754.986704000","86","ICMPv6","fe80::4865:8493:de8:d222","ff02::2","0xc841","132","0xbeef","4a:65:84:93:0d:e8:d2:22",,"fe80::4865:8493:de8:d222","ff02::2","0x0001","False","0x0001","0x0003","0x0003"
"251","1774872756.026089000","86","ICMPv6","fe80::4865:8493:de8:d222","ff02::2","0xc841","133","0xbeef","4a:65:84:93:0d:e8:d2:22",,"fe80::4865:8493:de8:d222","ff02::2","0x0001","False","0x0001","0x0003","0x0003"
"252","1774872757.066766000","86","ICMPv6","fe80::4865:8493:de8:d222","ff02::2","0xc841","134","0xbeef","4a:65:84:93:0d:e8:d2:22",,"fe80::4865:8493:de8:d222","ff02::2","0x0001","False","0x0001","0x0003","0x0003"
"253","1774872758.107453000","86","ICMPv6","fe80::4865:8493:de8:d222","ff02::2","0xc841","135","0xbeef","4a:65:84:93:0d:e8:d2:22",,"fe80::4865:8493:de8:d222","ff02::2","0x0001","False","0x0001","0x0003","0x0003"
"254","1774872759.146657000","86","ICMPv6","fe80::4865:8493:de8:d222","ff02::2","0xc841","136","0xbeef","4a:65:84:93:0d:e8:d2:22",,"fe80::4865:8493:de8:d222","ff02::2","0x0001","False","0x0001","0x0003","0x0003"
"255","1774872761.224252000","86","ICMPv6","fe80::4865:8493:de8:d222","ff02::2","0xc841","137","0xbeef","4a:65:84:93:0d:e8:d2:22",,"fe80::4865:8493:de8:d222","ff02::2","0x0001","False","0x0001","0x0003","0x0003"
"256","1774872762.267574000","86","ICMPv6","fe80::4865:8493:de8:d222","ff02::2","0xc841","138","0xbeef","4a:65:84:93:0d:e8:d2:22",,"fe80::4865:8493:de8:d222","ff02::2","0x0001","False","0x0001","0x0003","0x0003"
"257","1774872774.400802000","86","ICMPv6","fe80::4865:8493:de8:d222","ff02::1","0xc841","139","0xbeef","4a:65:84:93:0d:e8:d2:22",,"fe80::4865:8493:de8:d222","ff02::1","0x0001","False","0x0001","0x0003","0x0003"
"258","1774872775.402375000","86","ICMPv6","fe80::4865:8493:de8:d222","ff02::1","0xc841","140","0xbeef","4a:65:84:93:0d:e8:d2:22",,"fe80::4865:8493:de8:d222","ff02::1","0x0001","False","0x0001","0x0003","0x0003"
"259","1774872776.403131000","86","ICMPv6","fe80::4865:8493:de8:d222","ff02::1","0xc841","141","0xbeef","4a:65:84:93:0d:e8:d2:22",,"fe80::4865:8493:de8:d222","ff02::1","0x0001","False","0x0001","0x0003","0x0003"
"260","1774872777.404784000","86","ICMPv6","fe80::4865:8493:de8:d222","ff02::1","0xc841","142","0xbeef","4a:65:84:93:0d:e8:d2:22",,"fe80::4865:8493:de8:d222","ff02::1","0x0001","False","0x0001","0x0003","0x0003"
"261","1774872778.407840000","86","ICMPv6","fe80::4865:8493:de8:d222","ff02::1","0xc841","143","0xbeef","4a:65:84:93:0d:e8:d2:22",,"fe80::4865:8493:de8:d222","ff02::1","0x0001","False","0x0001","0x0003","0x0003"
"262","1774872779.409196000","86","ICMPv6","fe80::4865:8493:de8:d222","ff02::1","0xc841","144","0xbeef","4a:65:84:93:0d:e8:d2:22",,"fe80::4865:8493:de8:d222","ff02::1","0x0001","False","0x0001","0x0003","0x0003"
"263","1774872780.410020000","86","ICMPv6","fe80::4865:8493:de8:d222","ff02::1","0xc841","145","0xbeef","4a:65:84:93:0d:e8:d2:22",,"fe80::4865:8493:de8:d222","ff02::1","0x0001","False","0x0001","0x0003","0x0003"
"264","1774872781.411823000","86","ICMPv6","fe80::4865:8493:de8:d222","ff02::1","0xc841","146","0xbeef","4a:65:84:93:0d:e8:d2:22",,"fe80::4865:8493:de8:d222","ff02::1","0x0001","False","0x0001","0x0003","0x0003"
"265","1774872782.411708000","86","ICMPv6","fe80::4865:8493:de8:d222","ff02::1","0xc841","147","0xbeef","4a:65:84:93:0d:e8:d2:22",,"fe80::4865:8493:de8:d222","ff02::1","0x0001","False","0x0001","0x0003","0x0003"
"266","1774872783.415524000","86","ICMPv6","fe80::4865:8493:de8:d222","ff02::1","0xc841","148","0xbeef","4a:65:84:93:0d:e8:d2:22",,"fe80::4865:8493:de8:d222","ff02::1","0x0001","False","0x0001","0x0003","0x0003"
"267","1774872784.415717000","86","ICMPv6","fe80::4865:8493:de8:d222","ff02::1","0xc841","149","0xbeef","4a:65:84:93:0d:e8:d2:22",,"fe80::4865:8493:de8:d222","ff02::1","0x0001","False","0x0001","0x0003","0x0003"
"268","1774872785.415890000","86","ICMPv6","fe80::4865:8493:de8:d222","ff02::1","0xc841","150","0xbeef","4a:65:84:93:0d:e8:d2:22",,"fe80::4865:8493:de8:d222","ff02::1","0x0001","False","0x0001","0x0003","0x0003"
"269","1774872786.419430000","86","ICMPv6","fe80::4865:8493:de8:d222","ff02::1","0xc841","151","0xbeef","4a:65:84:93:0d:e8:d2:22",,"fe80::4865:8493:de8:d222","ff02::1","0x0001","False","0x0001","0x0003","0x0003"
"270","1774872787.421038000","86","ICMPv6","fe80::4865:8493:de8:d222","ff02::1","0xc841","152","0xbeef","4a:65:84:93:0d:e8:d2:22",,"fe80::4865:8493:de8:d222","ff02::1","0x0001","False","0x0001","0x0003","0x0003"
"271","1774872787.868817000","43","ICMPv6","fe80::4865:8493:de8:d222","ff02::2","0xc841","153","0xbeef","4a:65:84:93:0d:e8:d2:22",,"fe80::4865:8493:de8:d222","ff02::2","0x0003","False","0x0003","0x0003","0x0003"
"272","1774872788.423804000","86","ICMPv6","fe80::4865:8493:de8:d222","ff02::1","0xc841","154","0xbeef","4a:65:84:93:0d:e8:d2:22",,"fe80::4865:8493:de8:d222","ff02::1","0x0001","False","0x0001","0x0003","0x0003"
"273","1774872789.423850000","86","ICMPv6","fe80::4865:8493:de8:d222","ff02::1","0xc841","155","0xbeef","4a:65:84:93:0d:e8:d2:22",,"fe80::4865:8493:de8:d222","ff02::1","0x0001","False","0x0001","0x0003","0x0003"
"274","1774872790.425178000","86","ICMPv6","fe80::4865:8493:de8:d222","ff02::1","0xc841","156","0xbeef","4a:65:84:93:0d:e8:d2:22",,"fe80::4865:8493:de8:d222","ff02::1","0x0001","False","0x0001","0x0003","0x0003"
"275","1774872791.427293000","86","ICMPv6","fe80::4865:8493:de8:d222","ff02::1","0xc841","157","0xbeef","4a:65:84:93:0d:e8:d2:22",,"fe80::4865:8493:de8:d222","ff02::1","0x0001","False","0x0001","0x0003","0x0003"
"276","1774872792.428013000","86","ICMPv6","fe80::4865:8493:de8:d222","ff02::1","0xc841","158","0xbeef","4a:65:84:93:0d:e8:d2:22",,"fe80::4865:8493:de8:d222","ff02::1","0x0001","False","0x0001","0x0003","0x0003"
"277","1774872793.429517000","86","ICMPv6","fe80::4865:8493:de8:d222","ff02::1","0xc841","159","0xbeef","4a:65:84:93:0d:e8:d2:22",,"fe80::4865:8493:de8:d222","ff02::1","0x0001","False","0x0001","0x0003","0x0003"
"278","1774872794.169682000","86","ICMPv6, HiPerConTracer","fe80::d8b2:4c9b:f624:ed2e","ff02::1","0xc841","179","0xbeef","da:b2:4c:9b:f6:24:ed:2e",,"fe80::d8b2:4c9b:f624:ed2e","ff02::1","0x0001","False","0x0001","0x0003","0x0003"
"279","1774872794.432037000","86","ICMPv6","fe80::4865:8493:de8:d222","ff02::1","0xc841","160","0xbeef","4a:65:84:93:0d:e8:d2:22",,"fe80::4865:8493:de8:d222","ff02::1","0x0001","False","0x0001","0x0003","0x0003"
"280","1774872795.171860000","86","ICMPv6, HiPerConTracer","fe80::d8b2:4c9b:f624:ed2e","ff02::1","0xc841","180","0xbeef","da:b2:4c:9b:f6:24:ed:2e",,"fe80::d8b2:4c9b:f624:ed2e","ff02::1","0x0001","False","0x0001","0x0003","0x0003"
"281","1774872795.430997000","86","ICMPv6","fe80::4865:8493:de8:d222","ff02::1","0xc841","161","0xbeef","4a:65:84:93:0d:e8:d2:22",,"fe80::4865:8493:de8:d222","ff02::1","0x0001","False","0x0001","0x0003","0x0003"
"282","1774872796.206438000","86","ICMPv6, HiPerConTracer","fe80::d8b2:4c9b:f624:ed2e","ff02::1","0xc841","181","0xbeef","da:b2:4c:9b:f6:24:ed:2e",,"fe80::d8b2:4c9b:f624:ed2e","ff02::1","0x0001","False","0x0001","0x0003","0x0003"
"283","1774872796.509785000","86","ICMPv6","fe80::4865:8493:de8:d222","ff02::1","0xc841","162","0xbeef","4a:65:84:93:0d:e8:d2:22",,"fe80::4865:8493:de8:d222","ff02::1","0x0001","False","0x0001","0x0003","0x0003"
"284","1774872797.208227000","86","ICMPv6, HiPerConTracer","fe80::d8b2:4c9b:f624:ed2e","ff02::1","0xc841","182","0xbeef","da:b2:4c:9b:f6:24:ed:2e",,"fe80::d8b2:4c9b:f624:ed2e","ff02::1","0x0001","False","0x0001","0x0003","0x0003"
"285","1774872797.511649000","86","ICMPv6","fe80::4865:8493:de8:d222","ff02::1","0xc841","163","0xbeef","4a:65:84:93:0d:e8:d2:22",,"fe80::4865:8493:de8:d222","ff02::1","0x0001","False","0x0001","0x0003","0x0003"
"286","1774872798.209677000","86","ICMPv6, HiPerConTracer","fe80::d8b2:4c9b:f624:ed2e","ff02::1","0xc841","183","0xbeef","da:b2:4c:9b:f6:24:ed:2e",,"fe80::d8b2:4c9b:f624:ed2e","ff02::1","0x0001","False","0x0001","0x0003","0x0003"
"287","1774872798.516289000","86","ICMPv6","fe80::4865:8493:de8:d222","ff02::1","0xc841","164","0xbeef","4a:65:84:93:0d:e8:d2:22",,"fe80::4865:8493:de8:d222","ff02::1","0x0001","False","0x0001","0x0003","0x0003"
"288","1774872799.210787000","86","ICMPv6, HiPerConTracer","fe80::d8b2:4c9b:f624:ed2e","ff02::1","0xc841","184","0xbeef","da:b2:4c:9b:f6:24:ed:2e",,"fe80::d8b2:4c9b:f624:ed2e","ff02::1","0x0001","False","0x0001","0x0003","0x0003"
"289","1774872799.512500000","86","ICMPv6","fe80::4865:8493:de8:d222","ff02::1","0xc841","165","0xbeef","4a:65:84:93:0d:e8:d2:22",,"fe80::4865:8493:de8:d222","ff02::1","0x0001","False","0x0001","0x0003","0x0003"
"290","1774872800.212536000","86","ICMPv6, HiPerConTracer","fe80::d8b2:4c9b:f624:ed2e","ff02::1","0xc841","185","0xbeef","da:b2:4c:9b:f6:24:ed:2e",,"fe80::d8b2:4c9b:f624:ed2e","ff02::1","0x0001","False","0x0001","0x0003","0x0003"
"291","1774872800.515612000","86","ICMPv6","fe80::4865:8493:de8:d222","ff02::1","0xc841","166","0xbeef","4a:65:84:93:0d:e8:d2:22",,"fe80::4865:8493:de8:d222","ff02::1","0x0001","False","0x0001","0x0003","0x0003"
"292","1774872801.213201000","86","ICMPv6, HiPerConTracer","fe80::d8b2:4c9b:f624:ed2e","ff02::1","0xc841","186","0xbeef","da:b2:4c:9b:f6:24:ed:2e",,"fe80::d8b2:4c9b:f624:ed2e","ff02::1","0x0001","False","0x0001","0x0003","0x0003"
"293","1774872801.515488000","86","ICMPv6","fe80::4865:8493:de8:d222","ff02::1","0xc841","167","0xbeef","4a:65:84:93:0d:e8:d2:22",,"fe80::4865:8493:de8:d222","ff02::1","0x0001","False","0x0001","0x0003","0x0003"
"294","1774872802.214433000","86","ICMPv6, HiPerConTracer","fe80::d8b2:4c9b:f624:ed2e","ff02::1","0xc841","187","0xbeef","da:b2:4c:9b:f6:24:ed:2e",,"fe80::d8b2:4c9b:f624:ed2e","ff02::1","0x0001","False","0x0001","0x0003","0x0003"
"295","1774872802.518661000","86","ICMPv6","fe80::4865:8493:de8:d222","ff02::1","0xc841","168","0xbeef","4a:65:84:93:0d:e8:d2:22",,"fe80::4865:8493:de8:d222","ff02::1","0x0001","False","0x0001","0x0003","0x0003"
"296","1774872803.215161000","86","ICMPv6, HiPerConTracer","fe80::d8b2:4c9b:f624:ed2e","ff02::1","0xc841","188","0xbeef","da:b2:4c:9b:f6:24:ed:2e",,"fe80::d8b2:4c9b:f624:ed2e","ff02::1","0x0001","False","0x0001","0x0003","0x0003"
"297","1774872803.521215000","86","ICMPv6","fe80::4865:8493:de8:d222","ff02::1","0xc841","169","0xbeef","4a:65:84:93:0d:e8:d2:22",,"fe80::4865:8493:de8:d222","ff02::1","0x0001","False","0x0001","0x0003","0x0003"
"298","1774872804.218832000","86","ICMPv6, HiPerConTracer","fe80::d8b2:4c9b:f624:ed2e","ff02::1","0xc841","189","0xbeef","da:b2:4c:9b:f6:24:ed:2e",,"fe80::d8b2:4c9b:f624:ed2e","ff02::1","0x0001","False","0x0001","0x0003","0x0003"
"299","1774872804.520025000","86","ICMPv6","fe80::4865:8493:de8:d222","ff02::1","0xc841","170","0xbeef","4a:65:84:93:0d:e8:d2:22",,"fe80::4865:8493:de8:d222","ff02::1","0x0001","False","0x0001","0x0003","0x0003"
"300","1774872805.221078000","86","ICMPv6, HiPerConTracer","fe80::d8b2:4c9b:f624:ed2e","ff02::1","0xc841","190","0xbeef","da:b2:4c:9b:f6:24:ed:2e",,"fe80::d8b2:4c9b:f624:ed2e","ff02::1","0x0001","False","0x0001","0x0003","0x0003"
"301","1774872805.522150000","86","ICMPv6","fe80::4865:8493:de8:d222","ff02::1","0xc841","171","0xbeef","4a:65:84:93:0d:e8:d2:22",,"fe80::4865:8493:de8:d222","ff02::1","0x0001","False","0x0001","0x0003","0x0003"
"302","1774872806.220804000","86","ICMPv6, HiPerConTracer","fe80::d8b2:4c9b:f624:ed2e","ff02::1","0xc841","191","0xbeef","da:b2:4c:9b:f6:24:ed:2e",,"fe80::d8b2:4c9b:f624:ed2e","ff02::1","0x0001","False","0x0001","0x0003","0x0003"
"303","1774872806.525539000","86","ICMPv6","fe80::4865:8493:de8:d222","ff02::1","0xc841","172","0xbeef","4a:65:84:93:0d:e8:d2:22",,"fe80::4865:8493:de8:d222","ff02::1","0x0001","False","0x0001","0x0003","0x0003"
"304","1774872807.223810000","86","ICMPv6, HiPerConTracer","fe80::d8b2:4c9b:f624:ed2e","ff02::1","0xc841","192","0xbeef","da:b2:4c:9b:f6:24:ed:2e",,"fe80::d8b2:4c9b:f624:ed2e","ff02::1","0x0001","False","0x0001","0x0003","0x0003"
"305","1774872807.527052000","86","ICMPv6","fe80::4865:8493:de8:d222","ff02::1","0xc841","173","0xbeef","4a:65:84:93:0d:e8:d2:22",,"fe80::4865:8493:de8:d222","ff02::1","0x0001","False","0x0001","0x0003","0x0003"
"306","1774872808.223031000","86","ICMPv6, HiPerConTracer","fe80::d8b2:4c9b:f624:ed2e","ff02::1","0xc841","193","0xbeef","da:b2:4c:9b:f6:24:ed:2e",,"fe80::d8b2:4c9b:f624:ed2e","ff02::1","0x0001","False","0x0001","0x0003","0x0003"
"307","1774872808.527934000","86","ICMPv6","fe80::4865:8493:de8:d222","ff02::1","0xc841","174","0xbeef","4a:65:84:93:0d:e8:d2:22",,"fe80::4865:8493:de8:d222","ff02::1","0x0001","False","0x0001","0x0003","0x0003"
"308","1774872809.225180000","86","ICMPv6, HiPerConTracer","fe80::d8b2:4c9b:f624:ed2e","ff02::1","0xc841","194","0xbeef","da:b2:4c:9b:f6:24:ed:2e",,"fe80::d8b2:4c9b:f624:ed2e","ff02::1","0x0001","False","0x0001","0x0003","0x0003"
"309","1774872810.227436000","86","ICMPv6, HiPerConTracer","fe80::d8b2:4c9b:f624:ed2e","ff02::1","0xc841","195","0xbeef","da:b2:4c:9b:f6:24:ed:2e",,"fe80::d8b2:4c9b:f624:ed2e","ff02::1","0x0001","False","0x0001","0x0003","0x0003"
"310","1774872810.530681000","86","ICMPv6","fe80::4865:8493:de8:d222","ff02::1","0xc841","176","0xbeef","4a:65:84:93:0d:e8:d2:22",,"fe80::4865:8493:de8:d222","ff02::1","0x0001","False","0x0001","0x0003","0x0003"
"311","1774872811.226595000","86","ICMPv6, HiPerConTracer","fe80::d8b2:4c9b:f624:ed2e","ff02::1","0xc841","196","0xbeef","da:b2:4c:9b:f6:24:ed:2e",,"fe80::d8b2:4c9b:f624:ed2e","ff02::1","0x0001","False","0x0001","0x0003","0x0003"
"312","1774872811.532010000","86","ICMPv6","fe80::4865:8493:de8:d222","ff02::1","0xc841","177","0xbeef","4a:65:84:93:0d:e8:d2:22",,"fe80::4865:8493:de8:d222","ff02::1","0x0001","False","0x0001","0x0003","0x0003"
"313","1774872812.229162000","86","ICMPv6, HiPerConTracer","fe80::d8b2:4c9b:f624:ed2e","ff02::1","0xc841","197","0xbeef","da:b2:4c:9b:f6:24:ed:2e",,"fe80::d8b2:4c9b:f624:ed2e","ff02::1","0x0001","False","0x0001","0x0003","0x0003"
"314","1774872812.534260000","86","ICMPv6","fe80::4865:8493:de8:d222","ff02::1","0xc841","178","0xbeef","4a:65:84:93:0d:e8:d2:22",,"fe80::4865:8493:de8:d222","ff02::1","0x0001","False","0x0001","0x0003","0x0003"
"315","1774872813.229499000","86","ICMPv6, HiPerConTracer","fe80::d8b2:4c9b:f624:ed2e","ff02::1","0xc841","198","0xbeef","da:b2:4c:9b:f6:24:ed:2e",,"fe80::d8b2:4c9b:f624:ed2e","ff02::1","0x0001","False","0x0001","0x0003","0x0003"
"316","1774872813.534392000","86","ICMPv6","fe80::4865:8493:de8:d222","ff02::1","0xc841","179","0xbeef","4a:65:84:93:0d:e8:d2:22",,"fe80::4865:8493:de8:d222","ff02::1","0x0001","False","0x0001","0x0003","0x0003"
"317","1774872814.231814000","86","ICMPv6, HiPerConTracer","fe80::d8b2:4c9b:f624:ed2e","ff02::1","0xc841","199","0xbeef","da:b2:4c:9b:f6:24:ed:2e",,"fe80::d8b2:4c9b:f624:ed2e","ff02::1","0x0001","False","0x0001","0x0003","0x0003"
"318","1774872814.537813000","86","ICMPv6","fe80::4865:8493:de8:d222","ff02::1","0xc841","180","0xbeef","4a:65:84:93:0d:e8:d2:22",,"fe80::4865:8493:de8:d222","ff02::1","0x0001","False","0x0001","0x0003","0x0003"
"319","1774872815.234261000","86","ICMPv6, HiPerConTracer","fe80::d8b2:4c9b:f624:ed2e","ff02::1","0xc841","200","0xbeef","da:b2:4c:9b:f6:24:ed:2e",,"fe80::d8b2:4c9b:f624:ed2e","ff02::1","0x0001","False","0x0001","0x0003","0x0003"
"320","1774872815.538519000","86","ICMPv6","fe80::4865:8493:de8:d222","ff02::1","0xc841","181","0xbeef","4a:65:84:93:0d:e8:d2:22",,"fe80::4865:8493:de8:d222","ff02::1","0x0001","False","0x0001","0x0003","0x0003"
"321","1774872816.234781000","86","ICMPv6, HiPerConTracer","fe80::d8b2:4c9b:f624:ed2e","ff02::1","0xc841","201","0xbeef","da:b2:4c:9b:f6:24:ed:2e",,"fe80::d8b2:4c9b:f624:ed2e","ff02::1","0x0001","False","0x0001","0x0003","0x0003"
"322","1774872816.540143000","86","ICMPv6","fe80::4865:8493:de8:d222","ff02::1","0xc841","182","0xbeef","4a:65:84:93:0d:e8:d2:22",,"fe80::4865:8493:de8:d222","ff02::1","0x0001","False","0x0001","0x0003","0x0003"
"323","1774872817.236500000","86","ICMPv6, HiPerConTracer","fe80::d8b2:4c9b:f624:ed2e","ff02::1","0xc841","202","0xbeef","da:b2:4c:9b:f6:24:ed:2e",,"fe80::d8b2:4c9b:f624:ed2e","ff02::1","0x0001","False","0x0001","0x0003","0x0003"
"324","1774872817.539994000","86","ICMPv6","fe80::4865:8493:de8:d222","ff02::1","0xc841","183","0xbeef","4a:65:84:93:0d:e8:d2:22",,"fe80::4865:8493:de8:d222","ff02::1","0x0001","False","0x0001","0x0003","0x0003"
"325","1774872818.236285000","86","ICMPv6, HiPerConTracer","fe80::d8b2:4c9b:f624:ed2e","ff02::1","0xc841","203","0xbeef","da:b2:4c:9b:f6:24:ed:2e",,"fe80::d8b2:4c9b:f624:ed2e","ff02::1","0x0001","False","0x0001","0x0003","0x0003"
"326","1774872818.542790000","86","ICMPv6","fe80::4865:8493:de8:d222","ff02::1","0xc841","184","0xbeef","4a:65:84:93:0d:e8:d2:22",,"fe80::4865:8493:de8:d222","ff02::1","0x0001","False","0x0001","0x0003","0x0003"
"327","1774872819.239528000","86","ICMPv6, HiPerConTracer","fe80::d8b2:4c9b:f624:ed2e","ff02::1","0xc841","204","0xbeef","da:b2:4c:9b:f6:24:ed:2e",,"fe80::d8b2:4c9b:f624:ed2e","ff02::1","0x0001","False","0x0001","0x0003","0x0003"
"328","1774872819.544247000","86","ICMPv6","fe80::4865:8493:de8:d222","ff02::1","0xc841","185","0xbeef","4a:65:84:93:0d:e8:d2:22",,"fe80::4865:8493:de8:d222","ff02::1","0x0001","False","0x0001","0x0003","0x0003"
"329","1774872820.240963000","86","ICMPv6, HiPerConTracer","fe80::d8b2:4c9b:f624:ed2e","ff02::1","0xc841","205","0xbeef","da:b2:4c:9b:f6:24:ed:2e",,"fe80::d8b2:4c9b:f624:ed2e","ff02::1","0x0001","False","0x0001","0x0003","0x0003"
"330","1774872820.543988000","86","ICMPv6","fe80::4865:8493:de8:d222","ff02::1","0xc841","186","0xbeef","4a:65:84:93:0d:e8:d2:22",,"fe80::4865:8493:de8:d222","ff02::1","0x0001","False","0x0001","0x0003","0x0003"
"331","1774872821.241816000","86","ICMPv6, HiPerConTracer","fe80::d8b2:4c9b:f624:ed2e","ff02::1","0xc841","206","0xbeef","da:b2:4c:9b:f6:24:ed:2e",,"fe80::d8b2:4c9b:f624:ed2e","ff02::1","0x0001","False","0x0001","0x0003","0x0003"
"332","1774872821.548041000","86","ICMPv6","fe80::4865:8493:de8:d222","ff02::1","0xc841","187","0xbeef","4a:65:84:93:0d:e8:d2:22",,"fe80::4865:8493:de8:d222","ff02::1","0x0001","False","0x0001","0x0003","0x0003"
"333","1774872822.242036000","86","ICMPv6, HiPerConTracer","fe80::d8b2:4c9b:f624:ed2e","ff02::1","0xc841","207","0xbeef","da:b2:4c:9b:f6:24:ed:2e",,"fe80::d8b2:4c9b:f624:ed2e","ff02::1","0x0001","False","0x0001","0x0003","0x0003"
"334","1774872822.547318000","86","ICMPv6","fe80::4865:8493:de8:d222","ff02::1","0xc841","188","0xbeef","4a:65:84:93:0d:e8:d2:22",,"fe80::4865:8493:de8:d222","ff02::1","0x0001","False","0x0001","0x0003","0x0003"
"335","1774872823.243971000","86","ICMPv6, HiPerConTracer","fe80::d8b2:4c9b:f624:ed2e","ff02::1","0xc841","208","0xbeef","da:b2:4c:9b:f6:24:ed:2e",,"fe80::d8b2:4c9b:f624:ed2e","ff02::1","0x0001","False","0x0001","0x0003","0x0003"
"336","1774872823.549820000","86","ICMPv6","fe80::4865:8493:de8:d222","ff02::1","0xc841","189","0xbeef","4a:65:84:93:0d:e8:d2:22",,"fe80::4865:8493:de8:d222","ff02::1","0x0001","False","0x0001","0x0003","0x0003"
"337","1774872824.244684000","86","ICMPv6, HiPerConTracer","fe80::d8b2:4c9b:f624:ed2e","ff02::1","0xc841","209","0xbeef","da:b2:4c:9b:f6:24:ed:2e",,"fe80::d8b2:4c9b:f624:ed2e","ff02::1","0x0001","False","0x0001","0x0003","0x0003"
"338","1774872824.552081000","86","ICMPv6","fe80::4865:8493:de8:d222","ff02::1","0xc841","190","0xbeef","4a:65:84:93:0d:e8:d2:22",,"fe80::4865:8493:de8:d222","ff02::1","0x0001","False","0x0001","0x0003","0x0003"
"339","1774872825.246376000","86","ICMPv6, HiPerConTracer","fe80::d8b2:4c9b:f624:ed2e","ff02::1","0xc841","210","0xbeef","da:b2:4c:9b:f6:24:ed:2e",,"fe80::d8b2:4c9b:f624:ed2e","ff02::1","0x0001","False","0x0001","0x0003","0x0003"
"340","1774872825.553303000","86","ICMPv6","fe80::4865:8493:de8:d222","ff02::1","0xc841","191","0xbeef","4a:65:84:93:0d:e8:d2:22",,"fe80::4865:8493:de8:d222","ff02::1","0x0001","False","0x0001","0x0003","0x0003"
"341","1774872826.246410000","86","ICMPv6, HiPerConTracer","fe80::d8b2:4c9b:f624:ed2e","ff02::1","0xc841","211","0xbeef","da:b2:4c:9b:f6:24:ed:2e",,"fe80::d8b2:4c9b:f624:ed2e","ff02::1","0x0001","False","0x0001","0x0003","0x0003"
"342","1774872826.556063000","86","ICMPv6","fe80::4865:8493:de8:d222","ff02::1","0xc841","192","0xbeef","4a:65:84:93:0d:e8:d2:22",,"fe80::4865:8493:de8:d222","ff02::1","0x0001","False","0x0001","0x0003","0x0003"
"343","1774872827.249397000","86","ICMPv6, HiPerConTracer","fe80::d8b2:4c9b:f624:ed2e","ff02::1","0xc841","212","0xbeef","da:b2:4c:9b:f6:24:ed:2e",,"fe80::d8b2:4c9b:f624:ed2e","ff02::1","0x0001","False","0x0001","0x0003","0x0003"
"344","1774872827.555450000","86","ICMPv6","fe80::4865:8493:de8:d222","ff02::1","0xc841","193","0xbeef","4a:65:84:93:0d:e8:d2:22",,"fe80::4865:8493:de8:d222","ff02::1","0x0001","False","0x0001","0x0003","0x0003"
"345","1774872828.249409000","86","ICMPv6, HiPerConTracer","fe80::d8b2:4c9b:f624:ed2e","ff02::1","0xc841","213","0xbeef","da:b2:4c:9b:f6:24:ed:2e",,"fe80::d8b2:4c9b:f624:ed2e","ff02::1","0x0001","False","0x0001","0x0003","0x0003"
"346","1774872828.556796000","86","ICMPv6","fe80::4865:8493:de8:d222","ff02::1","0xc841","194","0xbeef","4a:65:84:93:0d:e8:d2:22",,"fe80::4865:8493:de8:d222","ff02::1","0x0001","False","0x0001","0x0003","0x0003"
"347","1774872829.250121000","86","ICMPv6, HiPerConTracer","fe80::d8b2:4c9b:f624:ed2e","ff02::1","0xc841","214","0xbeef","da:b2:4c:9b:f6:24:ed:2e",,"fe80::d8b2:4c9b:f624:ed2e","ff02::1","0x0001","False","0x0001","0x0003","0x0003"
"348","1774872829.560770000","86","ICMPv6","fe80::4865:8493:de8:d222","ff02::1","0xc841","195","0xbeef","4a:65:84:93:0d:e8:d2:22",,"fe80::4865:8493:de8:d222","ff02::1","0x0001","False","0x0001","0x0003","0x0003"
"349","1774872830.250651000","86","ICMPv6, HiPerConTracer","fe80::d8b2:4c9b:f624:ed2e","ff02::1","0xc841","215","0xbeef","da:b2:4c:9b:f6:24:ed:2e",,"fe80::d8b2:4c9b:f624:ed2e","ff02::1","0x0001","False","0x0001","0x0003","0x0003"
"350","1774872830.561022000","86","ICMPv6","fe80::4865:8493:de8:d222","ff02::1","0xc841","196","0xbeef","4a:65:84:93:0d:e8:d2:22",,"fe80::4865:8493:de8:d222","ff02::1","0x0001","False","0x0001","0x0003","0x0003"
"351","1774872831.252085000","86","ICMPv6, HiPerConTracer","fe80::d8b2:4c9b:f624:ed2e","ff02::1","0xc841","216","0xbeef","da:b2:4c:9b:f6:24:ed:2e",,"fe80::d8b2:4c9b:f624:ed2e","ff02::1","0x0001","False","0x0001","0x0003","0x0003"
"352","1774872831.561845000","86","ICMPv6","fe80::4865:8493:de8:d222","ff02::1","0xc841","197","0xbeef","4a:65:84:93:0d:e8:d2:22",,"fe80::4865:8493:de8:d222","ff02::1","0x0001","False","0x0001","0x0003","0x0003"
"353","1774872832.255141000","86","ICMPv6, HiPerConTracer","fe80::d8b2:4c9b:f624:ed2e","ff02::1","0xc841","217","0xbeef","da:b2:4c:9b:f6:24:ed:2e",,"fe80::d8b2:4c9b:f624:ed2e","ff02::1","0x0001","False","0x0001","0x0003","0x0003"
"354","1774872832.562673000","86","ICMPv6","fe80::4865:8493:de8:d222","ff02::1","0xc841","198","0xbeef","4a:65:84:93:0d:e8:d2:22",,"fe80::4865:8493:de8:d222","ff02::1","0x0001","False","0x0001","0x0003","0x0003"
"355","1774872833.254375000","86","ICMPv6, HiPerConTracer","fe80::d8b2:4c9b:f624:ed2e","ff02::1","0xc841","218","0xbeef","da:b2:4c:9b:f6:24:ed:2e",,"fe80::d8b2:4c9b:f624:ed2e","ff02::1","0x0001","False","0x0001","0x0003","0x0003"
"356","1774872833.564339000","86","ICMPv6","fe80::4865:8493:de8:d222","ff02::1","0xc841","199","0xbeef","4a:65:84:93:0d:e8:d2:22",,"fe80::4865:8493:de8:d222","ff02::1","0x0001","False","0x0001","0x0003","0x0003"
"357","1774872834.256727000","86","ICMPv6, HiPerConTracer","fe80::d8b2:4c9b:f624:ed2e","ff02::1","0xc841","219","0xbeef","da:b2:4c:9b:f6:24:ed:2e",,"fe80::d8b2:4c9b:f624:ed2e","ff02::1","0x0001","False","0x0001","0x0003","0x0003"
"358","1774872834.566609000","86","ICMPv6","fe80::4865:8493:de8:d222","ff02::1","0xc841","200","0xbeef","4a:65:84:93:0d:e8:d2:22",,"fe80::4865:8493:de8:d222","ff02::1","0x0001","False","0x0001","0x0003","0x0003"
"359","1774872835.257232000","86","ICMPv6, HiPerConTracer","fe80::d8b2:4c9b:f624:ed2e","ff02::1","0xc841","220","0xbeef","da:b2:4c:9b:f6:24:ed:2e",,"fe80::d8b2:4c9b:f624:ed2e","ff02::1","0x0001","False","0x0001","0x0003","0x0003"
"360","1774872835.567697000","86","ICMPv6","fe80::4865:8493:de8:d222","ff02::1","0xc841","201","0xbeef","4a:65:84:93:0d:e8:d2:22",,"fe80::4865:8493:de8:d222","ff02::1","0x0001","False","0x0001","0x0003","0x0003"
"361","1774872836.259956000","86","ICMPv6, HiPerConTracer","fe80::d8b2:4c9b:f624:ed2e","ff02::1","0xc841","221","0xbeef","da:b2:4c:9b:f6:24:ed:2e",,"fe80::d8b2:4c9b:f624:ed2e","ff02::1","0x0001","False","0x0001","0x0003","0x0003"
"362","1774872836.570123000","86","ICMPv6","fe80::4865:8493:de8:d222","ff02::1","0xc841","202","0xbeef","4a:65:84:93:0d:e8:d2:22",,"fe80::4865:8493:de8:d222","ff02::1","0x0001","False","0x0001","0x0003","0x0003"
"363","1774872837.259032000","86","ICMPv6, HiPerConTracer","fe80::d8b2:4c9b:f624:ed2e","ff02::1","0xc841","222","0xbeef","da:b2:4c:9b:f6:24:ed:2e",,"fe80::d8b2:4c9b:f624:ed2e","ff02::1","0x0001","False","0x0001","0x0003","0x0003"
"364","1774872837.571040000","86","ICMPv6","fe80::4865:8493:de8:d222","ff02::1","0xc841","203","0xbeef","4a:65:84:93:0d:e8:d2:22",,"fe80::4865:8493:de8:d222","ff02::1","0x0001","False","0x0001","0x0003","0x0003"
"365","1774872838.261907000","86","ICMPv6, HiPerConTracer","fe80::d8b2:4c9b:f624:ed2e","ff02::1","0xc841","223","0xbeef","da:b2:4c:9b:f6:24:ed:2e",,"fe80::d8b2:4c9b:f624:ed2e","ff02::1","0x0001","False","0x0001","0x0003","0x0003"
"366","1774872838.571992000","86","ICMPv6","fe80::4865:8493:de8:d222","ff02::1","0xc841","204","0xbeef","4a:65:84:93:0d:e8:d2:22",,"fe80::4865:8493:de8:d222","ff02::1","0x0001","False","0x0001","0x0003","0x0003"
"367","1774872839.262742000","86","ICMPv6, HiPerConTracer","fe80::d8b2:4c9b:f624:ed2e","ff02::1","0xc841","224","0xbeef","da:b2:4c:9b:f6:24:ed:2e",,"fe80::d8b2:4c9b:f624:ed2e","ff02::1","0x0001","False","0x0001","0x0003","0x0003"
"368","1774872840.265265000","86","ICMPv6, HiPerConTracer","fe80::d8b2:4c9b:f624:ed2e","ff02::1","0xc841","225","0xbeef","da:b2:4c:9b:f6:24:ed:2e",,"fe80::d8b2:4c9b:f624:ed2e","ff02::1","0x0001","False","0x0001","0x0003","0x0003"
"369","1774872840.631306000","86","ICMPv6","fe80::4865:8493:de8:d222","ff02::1","0xc841","206","0xbeef","4a:65:84:93:0d:e8:d2:22",,"fe80::4865:8493:de8:d222","ff02::1","0x0001","False","0x0001","0x0003","0x0003"
"370","1774872841.265214000","86","ICMPv6, HiPerConTracer","fe80::d8b2:4c9b:f624:ed2e","ff02::1","0xc841","226","0xbeef","da:b2:4c:9b:f6:24:ed:2e",,"fe80::d8b2:4c9b:f624:ed2e","ff02::1","0x0001","False","0x0001","0x0003","0x0003"
"371","1774872841.632506000","86","ICMPv6","fe80::4865:8493:de8:d222","ff02::1","0xc841","207","0xbeef","4a:65:84:93:0d:e8:d2:22",,"fe80::4865:8493:de8:d222","ff02::1","0x0001","False","0x0001","0x0003","0x0003"
"372","1774872842.266347000","86","ICMPv6, HiPerConTracer","fe80::d8b2:4c9b:f624:ed2e","ff02::1","0xc841","227","0xbeef","da:b2:4c:9b:f6:24:ed:2e",,"fe80::d8b2:4c9b:f624:ed2e","ff02::1","0x0001","False","0x0001","0x0003","0x0003"
"373","1774872842.634580000","86","ICMPv6","fe80::4865:8493:de8:d222","ff02::1","0xc841","208","0xbeef","4a:65:84:93:0d:e8:d2:22",,"fe80::4865:8493:de8:d222","ff02::1","0x0001","False","0x0001","0x0003","0x0003"
